priority,category,asset_id,incoming_path,expected_size,transparent,prompt,negative_prompt
batch_a_style_lock,support,greenfield_p0_style_mother,01_mother_images/style/greenfield_p0_style_mother.png,1200x760,False,"Warm low-saturation storybook 2D game art, fixed 3/4 top-down rural village view, clear readable silhouettes, soft hand-painted texture, clean outlines, modular assets, cozy countryside life simulation, no combat, no horror, no modern sci-fi HUD. Create greenfield_p0_style_mother; exact canvas 1200x760 px; fully opaque complete review image.","Do not copy any existing game, anime, movie, or named artist style. No photorealism, no combat, no weapons, no monsters, no aggressive expressions, no text baked into gameplay art, no harsh neon, no heavy black shadows, no random crop, no wrong perspective, no visible watermark."
batch_a_style_lock,ui_screen,ui_screen_hud,01_mother_images/ui/screens/greenfield_p0_ui_screen_hud.png,1280x720,False,"Warm low-saturation storybook 2D game art, fixed 3/4 top-down rural village view, clear readable silhouettes, soft hand-painted texture, clean outlines, modular assets, cozy countryside life simulation, no combat, no horror, no modern sci-fi HUD. Create a UI screen mother layout for ui_screen_hud; exact canvas 1280x720 px; fully opaque complete review image; paper/wood diary style, dense but readable game interface, no real text labels required.","Do not copy any existing game, anime, movie, or named artist style. No photorealism, no combat, no weapons, no monsters, no aggressive expressions, no text baked into gameplay art, no harsh neon, no heavy black shadows, no random crop, no wrong perspective, no visible watermark."
batch_a_style_lock,ui_screen,ui_screen_inventory,01_mother_images/ui/screens/greenfield_p0_ui_screen_inventory.png,1280x720,False,"Warm low-saturation storybook 2D game art, fixed 3/4 top-down rural village view, clear readable silhouettes, soft hand-painted texture, clean outlines, modular assets, cozy countryside life simulation, no combat, no horror, no modern sci-fi HUD. Create a UI screen mother layout for ui_screen_inventory; exact canvas 1280x720 px; fully opaque complete review image; paper/wood diary style, dense but readable game interface, no real text labels required.","Do not copy any existing game, anime, movie, or named artist style. No photorealism, no combat, no weapons, no monsters, no aggressive expressions, no text baked into gameplay art, no harsh neon, no heavy black shadows, no random crop, no wrong perspective, no visible watermark."
batch_a_style_lock,ui_screen,ui_screen_journal_map,01_mother_images/ui/screens/greenfield_p0_ui_screen_journal_map.png,1280x720,False,"Warm low-saturation storybook 2D game art, fixed 3/4 top-down rural village view, clear readable silhouettes, soft hand-painted texture, clean outlines, modular assets, cozy countryside life simulation, no combat, no horror, no modern sci-fi HUD. Create a UI screen mother layout for ui_screen_journal_map; exact canvas 1280x720 px; fully opaque complete review image; paper/wood diary style, dense but readable game interface, no real text labels required.","Do not copy any existing game, anime, movie, or named artist style. No photorealism, no combat, no weapons, no monsters, no aggressive expressions, no text baked into gameplay art, no harsh neon, no heavy black shadows, no random crop, no wrong perspective, no visible watermark."
batch_a_style_lock,ui_screen,ui_screen_dialogue_gift,01_mother_images/ui/screens/greenfield_p0_ui_screen_dialogue_gift.png,1280x720,False,"Warm low-saturation storybook 2D game art, fixed 3/4 top-down rural village view, clear readable silhouettes, soft hand-painted texture, clean outlines, modular assets, cozy countryside life simulation, no combat, no horror, no modern sci-fi HUD. Create a UI screen mother layout for ui_screen_dialogue_gift; exact canvas 1280x720 px; fully opaque complete review image; paper/wood diary style, dense but readable game interface, no real text labels required.","Do not copy any existing game, anime, movie, or named artist style. No photorealism, no combat, no weapons, no monsters, no aggressive expressions, no text baked into gameplay art, no harsh neon, no heavy black shadows, no random crop, no wrong perspective, no visible watermark."
batch_a_style_lock,ui_screen,ui_screen_pause_settings,01_mother_images/ui/screens/greenfield_p0_ui_screen_pause_settings.png,1280x720,False,"Warm low-saturation storybook 2D game art, fixed 3/4 top-down rural village view, clear readable silhouettes, soft hand-painted texture, clean outlines, modular assets, cozy countryside life simulation, no combat, no horror, no modern sci-fi HUD. Create a UI screen mother layout for ui_screen_pause_settings; exact canvas 1280x720 px; fully opaque complete review image; paper/wood diary style, dense but readable game interface, no real text labels required.","Do not copy any existing game, anime, movie, or named artist style. No photorealism, no combat, no weapons, no monsters, no aggressive expressions, no text baked into gameplay art, no harsh neon, no heavy black shadows, no random crop, no wrong perspective, no visible watermark."
batch_b_regions,region_mother,home_area_painted_source,01_mother_images/regions/home_area/home_area_painted_source.png,1470x1070,False,"Warm low-saturation storybook 2D game art, fixed 3/4 top-down rural village view, clear readable silhouettes, soft hand-painted texture, clean outlines, modular assets, cozy countryside life simulation, no combat, no horror, no modern sci-fi HUD. Paint a complete region source/review mother for home_area_painted_source; exact canvas 1470x1070 px; fully opaque complete review image; believable village-space layout, readable roads, props beside paths, no impossible overlaps.","Do not copy any existing game, anime, movie, or named artist style. No photorealism, no combat, no weapons, no monsters, no aggressive expressions, no text baked into gameplay art, no harsh neon, no heavy black shadows, no random crop, no wrong perspective, no visible watermark."
batch_b_regions,region_layer,home_area_base_ground,02_runtime_exports/regions/home_area/layers/home_area_base_ground.png,1470x1070,False,"Warm low-saturation storybook 2D game art, fixed 3/4 top-down rural village view, clear readable silhouettes, soft hand-painted texture, clean outlines, modular assets, cozy countryside life simulation, no combat, no horror, no modern sci-fi HUD. Paint one modular region runtime layer for home_area_base_ground; exact canvas 1470x1070 px; fully opaque complete review image; keep the fixed 3/4 top-down world perspective, reusable layer edges, and no UI text.","Do not copy any existing game, anime, movie, or named artist style. No photorealism, no combat, no weapons, no monsters, no aggressive expressions, no text baked into gameplay art, no harsh neon, no heavy black shadows, no random crop, no wrong perspective, no visible watermark."
batch_b_regions,region_layer,home_area_terrain_details,02_runtime_exports/regions/home_area/layers/home_area_terrain_details.png,1470x1070,True,"Warm low-saturation storybook 2D game art, fixed 3/4 top-down rural village view, clear readable silhouettes, soft hand-painted texture, clean outlines, modular assets, cozy countryside life simulation, no combat, no horror, no modern sci-fi HUD. Paint one modular region runtime layer for home_area_terrain_details; exact canvas 1470x1070 px; transparent background with clean alpha; keep the fixed 3/4 top-down world perspective, reusable layer edges, and no UI text.","Do not copy any existing game, anime, movie, or named artist style. No photorealism, no combat, no weapons, no monsters, no aggressive expressions, no text baked into gameplay art, no harsh neon, no heavy black shadows, no random crop, no wrong perspective, no visible watermark."
batch_b_regions,region_layer,home_area_behind_player_structures,02_runtime_exports/regions/home_area/layers/home_area_behind_player_structures.png,1470x1070,True,"Warm low-saturation storybook 2D game art, fixed 3/4 top-down rural village view, clear readable silhouettes, soft hand-painted texture, clean outlines, modular assets, cozy countryside life simulation, no combat, no horror, no modern sci-fi HUD. Paint one modular region runtime layer for home_area_behind_player_structures; exact canvas 1470x1070 px; transparent background with clean alpha; keep the fixed 3/4 top-down world perspective, reusable layer edges, and no UI text.","Do not copy any existing game, anime, movie, or named artist style. No photorealism, no combat, no weapons, no monsters, no aggressive expressions, no text baked into gameplay art, no harsh neon, no heavy black shadows, no random crop, no wrong perspective, no visible watermark."
batch_b_regions,region_layer,home_area_ysort_props_structures,02_runtime_exports/regions/home_area/layers/home_area_ysort_props_structures.png,1470x1070,True,"Warm low-saturation storybook 2D game art, fixed 3/4 top-down rural village view, clear readable silhouettes, soft hand-painted texture, clean outlines, modular assets, cozy countryside life simulation, no combat, no horror, no modern sci-fi HUD. Paint one modular region runtime layer for home_area_ysort_props_structures; exact canvas 1470x1070 px; transparent background with clean alpha; keep the fixed 3/4 top-down world perspective, reusable layer edges, and no UI text.","Do not copy any existing game, anime, movie, or named artist style. No photorealism, no combat, no weapons, no monsters, no aggressive expressions, no text baked into gameplay art, no harsh neon, no heavy black shadows, no random crop, no wrong perspective, no visible watermark."
batch_b_regions,region_layer,home_area_foreground_occlusion,02_runtime_exports/regions/home_area/layers/home_area_foreground_occlusion.png,1470x1070,True,"Warm low-saturation storybook 2D game art, fixed 3/4 top-down rural village view, clear readable silhouettes, soft hand-painted texture, clean outlines, modular assets, cozy countryside life simulation, no combat, no horror, no modern sci-fi HUD. Paint one modular region runtime layer for home_area_foreground_occlusion; exact canvas 1470x1070 px; transparent background with clean alpha; keep the fixed 3/4 top-down world perspective, reusable layer edges, and no UI text.","Do not copy any existing game, anime, movie, or named artist style. No photorealism, no combat, no weapons, no monsters, no aggressive expressions, no text baked into gameplay art, no harsh neon, no heavy black shadows, no random crop, no wrong perspective, no visible watermark."
batch_b_regions,region_layer,home_area_shadow_overlay,02_runtime_exports/regions/home_area/layers/home_area_shadow_overlay.png,1470x1070,True,"Warm low-saturation storybook 2D game art, fixed 3/4 top-down rural village view, clear readable silhouettes, soft hand-painted texture, clean outlines, modular assets, cozy countryside life simulation, no combat, no horror, no modern sci-fi HUD. Paint one modular region runtime layer for home_area_shadow_overlay; exact canvas 1470x1070 px; transparent background with clean alpha; keep the fixed 3/4 top-down world perspective, reusable layer edges, and no UI text.","Do not copy any existing game, anime, movie, or named artist style. No photorealism, no combat, no weapons, no monsters, no aggressive expressions, no text baked into gameplay art, no harsh neon, no heavy black shadows, no random crop, no wrong perspective, no visible watermark."
batch_b_regions,region_layer,home_area_light_weather_overlay_spring,02_runtime_exports/regions/home_area/layers/home_area_light_weather_overlay_spring.png,1470x1070,True,"Warm low-saturation storybook 2D game art, fixed 3/4 top-down rural village view, clear readable silhouettes, soft hand-painted texture, clean outlines, modular assets, cozy countryside life simulation, no combat, no horror, no modern sci-fi HUD. Paint one modular region runtime layer for home_area_light_weather_overlay_spring; exact canvas 1470x1070 px; transparent background with clean alpha; keep the fixed 3/4 top-down world perspective, reusable layer edges, and no UI text.","Do not copy any existing game, anime, movie, or named artist style. No photorealism, no combat, no weapons, no monsters, no aggressive expressions, no text baked into gameplay art, no harsh neon, no heavy black shadows, no random crop, no wrong perspective, no visible watermark."
batch_b_regions,region_layer,home_area_light_weather_overlay_summer,02_runtime_exports/regions/home_area/layers/home_area_light_weather_overlay_summer.png,1470x1070,True,"Warm low-saturation storybook 2D game art, fixed 3/4 top-down rural village view, clear readable silhouettes, soft hand-painted texture, clean outlines, modular assets, cozy countryside life simulation, no combat, no horror, no modern sci-fi HUD. Paint one modular region runtime layer for home_area_light_weather_overlay_summer; exact canvas 1470x1070 px; transparent background with clean alpha; keep the fixed 3/4 top-down world perspective, reusable layer edges, and no UI text.","Do not copy any existing game, anime, movie, or named artist style. No photorealism, no combat, no weapons, no monsters, no aggressive expressions, no text baked into gameplay art, no harsh neon, no heavy black shadows, no random crop, no wrong perspective, no visible watermark."
batch_b_regions,region_layer,home_area_light_weather_overlay_autumn,02_runtime_exports/regions/home_area/layers/home_area_light_weather_overlay_autumn.png,1470x1070,True,"Warm low-saturation storybook 2D game art, fixed 3/4 top-down rural village view, clear readable silhouettes, soft hand-painted texture, clean outlines, modular assets, cozy countryside life simulation, no combat, no horror, no modern sci-fi HUD. Paint one modular region runtime layer for home_area_light_weather_overlay_autumn; exact canvas 1470x1070 px; transparent background with clean alpha; keep the fixed 3/4 top-down world perspective, reusable layer edges, and no UI text.","Do not copy any existing game, anime, movie, or named artist style. No photorealism, no combat, no weapons, no monsters, no aggressive expressions, no text baked into gameplay art, no harsh neon, no heavy black shadows, no random crop, no wrong perspective, no visible watermark."
batch_b_regions,region_layer,home_area_light_weather_overlay_winter,02_runtime_exports/regions/home_area/layers/home_area_light_weather_overlay_winter.png,1470x1070,True,"Warm low-saturation storybook 2D game art, fixed 3/4 top-down rural village view, clear readable silhouettes, soft hand-painted texture, clean outlines, modular assets, cozy countryside life simulation, no combat, no horror, no modern sci-fi HUD. Paint one modular region runtime layer for home_area_light_weather_overlay_winter; exact canvas 1470x1070 px; transparent background with clean alpha; keep the fixed 3/4 top-down world perspective, reusable layer edges, and no UI text.","Do not copy any existing game, anime, movie, or named artist style. No photorealism, no combat, no weapons, no monsters, no aggressive expressions, no text baked into gameplay art, no harsh neon, no heavy black shadows, no random crop, no wrong perspective, no visible watermark."
batch_b_regions,region_mother,village_painted_source,01_mother_images/regions/village/village_painted_source.png,1800x1200,False,"Warm low-saturation storybook 2D game art, fixed 3/4 top-down rural village view, clear readable silhouettes, soft hand-painted texture, clean outlines, modular assets, cozy countryside life simulation, no combat, no horror, no modern sci-fi HUD. Paint a complete region source/review mother for village_painted_source; exact canvas 1800x1200 px; fully opaque complete review image; believable village-space layout, readable roads, props beside paths, no impossible overlaps.","Do not copy any existing game, anime, movie, or named artist style. No photorealism, no combat, no weapons, no monsters, no aggressive expressions, no text baked into gameplay art, no harsh neon, no heavy black shadows, no random crop, no wrong perspective, no visible watermark."
batch_b_regions,region_layer,village_base_ground,02_runtime_exports/regions/village/layers/village_base_ground.png,1800x1200,False,"Warm low-saturation storybook 2D game art, fixed 3/4 top-down rural village view, clear readable silhouettes, soft hand-painted texture, clean outlines, modular assets, cozy countryside life simulation, no combat, no horror, no modern sci-fi HUD. Paint one modular region runtime layer for village_base_ground; exact canvas 1800x1200 px; fully opaque complete review image; keep the fixed 3/4 top-down world perspective, reusable layer edges, and no UI text.","Do not copy any existing game, anime, movie, or named artist style. No photorealism, no combat, no weapons, no monsters, no aggressive expressions, no text baked into gameplay art, no harsh neon, no heavy black shadows, no random crop, no wrong perspective, no visible watermark."
batch_b_regions,region_layer,village_terrain_details,02_runtime_exports/regions/village/layers/village_terrain_details.png,1800x1200,True,"Warm low-saturation storybook 2D game art, fixed 3/4 top-down rural village view, clear readable silhouettes, soft hand-painted texture, clean outlines, modular assets, cozy countryside life simulation, no combat, no horror, no modern sci-fi HUD. Paint one modular region runtime layer for village_terrain_details; exact canvas 1800x1200 px; transparent background with clean alpha; keep the fixed 3/4 top-down world perspective, reusable layer edges, and no UI text.","Do not copy any existing game, anime, movie, or named artist style. No photorealism, no combat, no weapons, no monsters, no aggressive expressions, no text baked into gameplay art, no harsh neon, no heavy black shadows, no random crop, no wrong perspective, no visible watermark."
batch_b_regions,region_layer,village_behind_player_structures,02_runtime_exports/regions/village/layers/village_behind_player_structures.png,1800x1200,True,"Warm low-saturation storybook 2D game art, fixed 3/4 top-down rural village view, clear readable silhouettes, soft hand-painted texture, clean outlines, modular assets, cozy countryside life simulation, no combat, no horror, no modern sci-fi HUD. Paint one modular region runtime layer for village_behind_player_structures; exact canvas 1800x1200 px; transparent background with clean alpha; keep the fixed 3/4 top-down world perspective, reusable layer edges, and no UI text.","Do not copy any existing game, anime, movie, or named artist style. No photorealism, no combat, no weapons, no monsters, no aggressive expressions, no text baked into gameplay art, no harsh neon, no heavy black shadows, no random crop, no wrong perspective, no visible watermark."
batch_b_regions,region_layer,village_ysort_props_structures,02_runtime_exports/regions/village/layers/village_ysort_props_structures.png,1800x1200,True,"Warm low-saturation storybook 2D game art, fixed 3/4 top-down rural village view, clear readable silhouettes, soft hand-painted texture, clean outlines, modular assets, cozy countryside life simulation, no combat, no horror, no modern sci-fi HUD. Paint one modular region runtime layer for village_ysort_props_structures; exact canvas 1800x1200 px; transparent background with clean alpha; keep the fixed 3/4 top-down world perspective, reusable layer edges, and no UI text.","Do not copy any existing game, anime, movie, or named artist style. No photorealism, no combat, no weapons, no monsters, no aggressive expressions, no text baked into gameplay art, no harsh neon, no heavy black shadows, no random crop, no wrong perspective, no visible watermark."
batch_b_regions,region_layer,village_foreground_occlusion,02_runtime_exports/regions/village/layers/village_foreground_occlusion.png,1800x1200,True,"Warm low-saturation storybook 2D game art, fixed 3/4 top-down rural village view, clear readable silhouettes, soft hand-painted texture, clean outlines, modular assets, cozy countryside life simulation, no combat, no horror, no modern sci-fi HUD. Paint one modular region runtime layer for village_foreground_occlusion; exact canvas 1800x1200 px; transparent background with clean alpha; keep the fixed 3/4 top-down world perspective, reusable layer edges, and no UI text.","Do not copy any existing game, anime, movie, or named artist style. No photorealism, no combat, no weapons, no monsters, no aggressive expressions, no text baked into gameplay art, no harsh neon, no heavy black shadows, no random crop, no wrong perspective, no visible watermark."
batch_b_regions,region_layer,village_shadow_overlay,02_runtime_exports/regions/village/layers/village_shadow_overlay.png,1800x1200,True,"Warm low-saturation storybook 2D game art, fixed 3/4 top-down rural village view, clear readable silhouettes, soft hand-painted texture, clean outlines, modular assets, cozy countryside life simulation, no combat, no horror, no modern sci-fi HUD. Paint one modular region runtime layer for village_shadow_overlay; exact canvas 1800x1200 px; transparent background with clean alpha; keep the fixed 3/4 top-down world perspective, reusable layer edges, and no UI text.","Do not copy any existing game, anime, movie, or named artist style. No photorealism, no combat, no weapons, no monsters, no aggressive expressions, no text baked into gameplay art, no harsh neon, no heavy black shadows, no random crop, no wrong perspective, no visible watermark."
batch_b_regions,region_layer,village_light_weather_overlay_spring,02_runtime_exports/regions/village/layers/village_light_weather_overlay_spring.png,1800x1200,True,"Warm low-saturation storybook 2D game art, fixed 3/4 top-down rural village view, clear readable silhouettes, soft hand-painted texture, clean outlines, modular assets, cozy countryside life simulation, no combat, no horror, no modern sci-fi HUD. Paint one modular region runtime layer for village_light_weather_overlay_spring; exact canvas 1800x1200 px; transparent background with clean alpha; keep the fixed 3/4 top-down world perspective, reusable layer edges, and no UI text.","Do not copy any existing game, anime, movie, or named artist style. No photorealism, no combat, no weapons, no monsters, no aggressive expressions, no text baked into gameplay art, no harsh neon, no heavy black shadows, no random crop, no wrong perspective, no visible watermark."
batch_b_regions,region_layer,village_light_weather_overlay_summer,02_runtime_exports/regions/village/layers/village_light_weather_overlay_summer.png,1800x1200,True,"Warm low-saturation storybook 2D game art, fixed 3/4 top-down rural village view, clear readable silhouettes, soft hand-painted texture, clean outlines, modular assets, cozy countryside life simulation, no combat, no horror, no modern sci-fi HUD. Paint one modular region runtime layer for village_light_weather_overlay_summer; exact canvas 1800x1200 px; transparent background with clean alpha; keep the fixed 3/4 top-down world perspective, reusable layer edges, and no UI text.","Do not copy any existing game, anime, movie, or named artist style. No photorealism, no combat, no weapons, no monsters, no aggressive expressions, no text baked into gameplay art, no harsh neon, no heavy black shadows, no random crop, no wrong perspective, no visible watermark."
batch_b_regions,region_layer,village_light_weather_overlay_autumn,02_runtime_exports/regions/village/layers/village_light_weather_overlay_autumn.png,1800x1200,True,"Warm low-saturation storybook 2D game art, fixed 3/4 top-down rural village view, clear readable silhouettes, soft hand-painted texture, clean outlines, modular assets, cozy countryside life simulation, no combat, no horror, no modern sci-fi HUD. Paint one modular region runtime layer for village_light_weather_overlay_autumn; exact canvas 1800x1200 px; transparent background with clean alpha; keep the fixed 3/4 top-down world perspective, reusable layer edges, and no UI text.","Do not copy any existing game, anime, movie, or named artist style. No photorealism, no combat, no weapons, no monsters, no aggressive expressions, no text baked into gameplay art, no harsh neon, no heavy black shadows, no random crop, no wrong perspective, no visible watermark."
batch_b_regions,region_layer,village_light_weather_overlay_winter,02_runtime_exports/regions/village/layers/village_light_weather_overlay_winter.png,1800x1200,True,"Warm low-saturation storybook 2D game art, fixed 3/4 top-down rural village view, clear readable silhouettes, soft hand-painted texture, clean outlines, modular assets, cozy countryside life simulation, no combat, no horror, no modern sci-fi HUD. Paint one modular region runtime layer for village_light_weather_overlay_winter; exact canvas 1800x1200 px; transparent background with clean alpha; keep the fixed 3/4 top-down world perspective, reusable layer edges, and no UI text.","Do not copy any existing game, anime, movie, or named artist style. No photorealism, no combat, no weapons, no monsters, no aggressive expressions, no text baked into gameplay art, no harsh neon, no heavy black shadows, no random crop, no wrong perspective, no visible watermark."
batch_b_regions,region_mother,back_farm_painted_source,01_mother_images/regions/back_farm/back_farm_painted_source.png,1600x1200,False,"Warm low-saturation storybook 2D game art, fixed 3/4 top-down rural village view, clear readable silhouettes, soft hand-painted texture, clean outlines, modular assets, cozy countryside life simulation, no combat, no horror, no modern sci-fi HUD. Paint a complete region source/review mother for back_farm_painted_source; exact canvas 1600x1200 px; fully opaque complete review image; believable village-space layout, readable roads, props beside paths, no impossible overlaps.","Do not copy any existing game, anime, movie, or named artist style. No photorealism, no combat, no weapons, no monsters, no aggressive expressions, no text baked into gameplay art, no harsh neon, no heavy black shadows, no random crop, no wrong perspective, no visible watermark."
batch_b_regions,region_layer,back_farm_base_ground,02_runtime_exports/regions/back_farm/layers/back_farm_base_ground.png,1600x1200,False,"Warm low-saturation storybook 2D game art, fixed 3/4 top-down rural village view, clear readable silhouettes, soft hand-painted texture, clean outlines, modular assets, cozy countryside life simulation, no combat, no horror, no modern sci-fi HUD. Paint one modular region runtime layer for back_farm_base_ground; exact canvas 1600x1200 px; fully opaque complete review image; keep the fixed 3/4 top-down world perspective, reusable layer edges, and no UI text.","Do not copy any existing game, anime, movie, or named artist style. No photorealism, no combat, no weapons, no monsters, no aggressive expressions, no text baked into gameplay art, no harsh neon, no heavy black shadows, no random crop, no wrong perspective, no visible watermark."
batch_b_regions,region_layer,back_farm_terrain_details,02_runtime_exports/regions/back_farm/layers/back_farm_terrain_details.png,1600x1200,True,"Warm low-saturation storybook 2D game art, fixed 3/4 top-down rural village view, clear readable silhouettes, soft hand-painted texture, clean outlines, modular assets, cozy countryside life simulation, no combat, no horror, no modern sci-fi HUD. Paint one modular region runtime layer for back_farm_terrain_details; exact canvas 1600x1200 px; transparent background with clean alpha; keep the fixed 3/4 top-down world perspective, reusable layer edges, and no UI text.","Do not copy any existing game, anime, movie, or named artist style. No photorealism, no combat, no weapons, no monsters, no aggressive expressions, no text baked into gameplay art, no harsh neon, no heavy black shadows, no random crop, no wrong perspective, no visible watermark."
batch_b_regions,region_layer,back_farm_behind_player_structures,02_runtime_exports/regions/back_farm/layers/back_farm_behind_player_structures.png,1600x1200,True,"Warm low-saturation storybook 2D game art, fixed 3/4 top-down rural village view, clear readable silhouettes, soft hand-painted texture, clean outlines, modular assets, cozy countryside life simulation, no combat, no horror, no modern sci-fi HUD. Paint one modular region runtime layer for back_farm_behind_player_structures; exact canvas 1600x1200 px; transparent background with clean alpha; keep the fixed 3/4 top-down world perspective, reusable layer edges, and no UI text.","Do not copy any existing game, anime, movie, or named artist style. No photorealism, no combat, no weapons, no monsters, no aggressive expressions, no text baked into gameplay art, no harsh neon, no heavy black shadows, no random crop, no wrong perspective, no visible watermark."
batch_b_regions,region_layer,back_farm_ysort_props_structures,02_runtime_exports/regions/back_farm/layers/back_farm_ysort_props_structures.png,1600x1200,True,"Warm low-saturation storybook 2D game art, fixed 3/4 top-down rural village view, clear readable silhouettes, soft hand-painted texture, clean outlines, modular assets, cozy countryside life simulation, no combat, no horror, no modern sci-fi HUD. Paint one modular region runtime layer for back_farm_ysort_props_structures; exact canvas 1600x1200 px; transparent background with clean alpha; keep the fixed 3/4 top-down world perspective, reusable layer edges, and no UI text.","Do not copy any existing game, anime, movie, or named artist style. No photorealism, no combat, no weapons, no monsters, no aggressive expressions, no text baked into gameplay art, no harsh neon, no heavy black shadows, no random crop, no wrong perspective, no visible watermark."
batch_b_regions,region_layer,back_farm_foreground_occlusion,02_runtime_exports/regions/back_farm/layers/back_farm_foreground_occlusion.png,1600x1200,True,"Warm low-saturation storybook 2D game art, fixed 3/4 top-down rural village view, clear readable silhouettes, soft hand-painted texture, clean outlines, modular assets, cozy countryside life simulation, no combat, no horror, no modern sci-fi HUD. Paint one modular region runtime layer for back_farm_foreground_occlusion; exact canvas 1600x1200 px; transparent background with clean alpha; keep the fixed 3/4 top-down world perspective, reusable layer edges, and no UI text.","Do not copy any existing game, anime, movie, or named artist style. No photorealism, no combat, no weapons, no monsters, no aggressive expressions, no text baked into gameplay art, no harsh neon, no heavy black shadows, no random crop, no wrong perspective, no visible watermark."
batch_b_regions,region_layer,back_farm_shadow_overlay,02_runtime_exports/regions/back_farm/layers/back_farm_shadow_overlay.png,1600x1200,True,"Warm low-saturation storybook 2D game art, fixed 3/4 top-down rural village view, clear readable silhouettes, soft hand-painted texture, clean outlines, modular assets, cozy countryside life simulation, no combat, no horror, no modern sci-fi HUD. Paint one modular region runtime layer for back_farm_shadow_overlay; exact canvas 1600x1200 px; transparent background with clean alpha; keep the fixed 3/4 top-down world perspective, reusable layer edges, and no UI text.","Do not copy any existing game, anime, movie, or named artist style. No photorealism, no combat, no weapons, no monsters, no aggressive expressions, no text baked into gameplay art, no harsh neon, no heavy black shadows, no random crop, no wrong perspective, no visible watermark."
batch_b_regions,region_layer,back_farm_light_weather_overlay_spring,02_runtime_exports/regions/back_farm/layers/back_farm_light_weather_overlay_spring.png,1600x1200,True,"Warm low-saturation storybook 2D game art, fixed 3/4 top-down rural village view, clear readable silhouettes, soft hand-painted texture, clean outlines, modular assets, cozy countryside life simulation, no combat, no horror, no modern sci-fi HUD. Paint one modular region runtime layer for back_farm_light_weather_overlay_spring; exact canvas 1600x1200 px; transparent background with clean alpha; keep the fixed 3/4 top-down world perspective, reusable layer edges, and no UI text.","Do not copy any existing game, anime, movie, or named artist style. No photorealism, no combat, no weapons, no monsters, no aggressive expressions, no text baked into gameplay art, no harsh neon, no heavy black shadows, no random crop, no wrong perspective, no visible watermark."
batch_b_regions,region_layer,back_farm_light_weather_overlay_summer,02_runtime_exports/regions/back_farm/layers/back_farm_light_weather_overlay_summer.png,1600x1200,True,"Warm low-saturation storybook 2D game art, fixed 3/4 top-down rural village view, clear readable silhouettes, soft hand-painted texture, clean outlines, modular assets, cozy countryside life simulation, no combat, no horror, no modern sci-fi HUD. Paint one modular region runtime layer for back_farm_light_weather_overlay_summer; exact canvas 1600x1200 px; transparent background with clean alpha; keep the fixed 3/4 top-down world perspective, reusable layer edges, and no UI text.","Do not copy any existing game, anime, movie, or named artist style. No photorealism, no combat, no weapons, no monsters, no aggressive expressions, no text baked into gameplay art, no harsh neon, no heavy black shadows, no random crop, no wrong perspective, no visible watermark."
batch_b_regions,region_layer,back_farm_light_weather_overlay_autumn,02_runtime_exports/regions/back_farm/layers/back_farm_light_weather_overlay_autumn.png,1600x1200,True,"Warm low-saturation storybook 2D game art, fixed 3/4 top-down rural village view, clear readable silhouettes, soft hand-painted texture, clean outlines, modular assets, cozy countryside life simulation, no combat, no horror, no modern sci-fi HUD. Paint one modular region runtime layer for back_farm_light_weather_overlay_autumn; exact canvas 1600x1200 px; transparent background with clean alpha; keep the fixed 3/4 top-down world perspective, reusable layer edges, and no UI text.","Do not copy any existing game, anime, movie, or named artist style. No photorealism, no combat, no weapons, no monsters, no aggressive expressions, no text baked into gameplay art, no harsh neon, no heavy black shadows, no random crop, no wrong perspective, no visible watermark."
batch_b_regions,region_layer,back_farm_light_weather_overlay_winter,02_runtime_exports/regions/back_farm/layers/back_farm_light_weather_overlay_winter.png,1600x1200,True,"Warm low-saturation storybook 2D game art, fixed 3/4 top-down rural village view, clear readable silhouettes, soft hand-painted texture, clean outlines, modular assets, cozy countryside life simulation, no combat, no horror, no modern sci-fi HUD. Paint one modular region runtime layer for back_farm_light_weather_overlay_winter; exact canvas 1600x1200 px; transparent background with clean alpha; keep the fixed 3/4 top-down world perspective, reusable layer edges, and no UI text.","Do not copy any existing game, anime, movie, or named artist style. No photorealism, no combat, no weapons, no monsters, no aggressive expressions, no text baked into gameplay art, no harsh neon, no heavy black shadows, no random crop, no wrong perspective, no visible watermark."
batch_b_regions,region_mother,forest_edge_painted_source,01_mother_images/regions/forest_edge/forest_edge_painted_source.png,1700x1150,False,"Warm low-saturation storybook 2D game art, fixed 3/4 top-down rural village view, clear readable silhouettes, soft hand-painted texture, clean outlines, modular assets, cozy countryside life simulation, no combat, no horror, no modern sci-fi HUD. Paint a complete region source/review mother for forest_edge_painted_source; exact canvas 1700x1150 px; fully opaque complete review image; believable village-space layout, readable roads, props beside paths, no impossible overlaps.","Do not copy any existing game, anime, movie, or named artist style. No photorealism, no combat, no weapons, no monsters, no aggressive expressions, no text baked into gameplay art, no harsh neon, no heavy black shadows, no random crop, no wrong perspective, no visible watermark."
batch_b_regions,region_layer,forest_edge_base_ground,02_runtime_exports/regions/forest_edge/layers/forest_edge_base_ground.png,1700x1150,False,"Warm low-saturation storybook 2D game art, fixed 3/4 top-down rural village view, clear readable silhouettes, soft hand-painted texture, clean outlines, modular assets, cozy countryside life simulation, no combat, no horror, no modern sci-fi HUD. Paint one modular region runtime layer for forest_edge_base_ground; exact canvas 1700x1150 px; fully opaque complete review image; keep the fixed 3/4 top-down world perspective, reusable layer edges, and no UI text.","Do not copy any existing game, anime, movie, or named artist style. No photorealism, no combat, no weapons, no monsters, no aggressive expressions, no text baked into gameplay art, no harsh neon, no heavy black shadows, no random crop, no wrong perspective, no visible watermark."
batch_b_regions,region_layer,forest_edge_terrain_details,02_runtime_exports/regions/forest_edge/layers/forest_edge_terrain_details.png,1700x1150,True,"Warm low-saturation storybook 2D game art, fixed 3/4 top-down rural village view, clear readable silhouettes, soft hand-painted texture, clean outlines, modular assets, cozy countryside life simulation, no combat, no horror, no modern sci-fi HUD. Paint one modular region runtime layer for forest_edge_terrain_details; exact canvas 1700x1150 px; transparent background with clean alpha; keep the fixed 3/4 top-down world perspective, reusable layer edges, and no UI text.","Do not copy any existing game, anime, movie, or named artist style. No photorealism, no combat, no weapons, no monsters, no aggressive expressions, no text baked into gameplay art, no harsh neon, no heavy black shadows, no random crop, no wrong perspective, no visible watermark."
batch_b_regions,region_layer,forest_edge_behind_player_structures,02_runtime_exports/regions/forest_edge/layers/forest_edge_behind_player_structures.png,1700x1150,True,"Warm low-saturation storybook 2D game art, fixed 3/4 top-down rural village view, clear readable silhouettes, soft hand-painted texture, clean outlines, modular assets, cozy countryside life simulation, no combat, no horror, no modern sci-fi HUD. Paint one modular region runtime layer for forest_edge_behind_player_structures; exact canvas 1700x1150 px; transparent background with clean alpha; keep the fixed 3/4 top-down world perspective, reusable layer edges, and no UI text.","Do not copy any existing game, anime, movie, or named artist style. No photorealism, no combat, no weapons, no monsters, no aggressive expressions, no text baked into gameplay art, no harsh neon, no heavy black shadows, no random crop, no wrong perspective, no visible watermark."
batch_b_regions,region_layer,forest_edge_ysort_props_structures,02_runtime_exports/regions/forest_edge/layers/forest_edge_ysort_props_structures.png,1700x1150,True,"Warm low-saturation storybook 2D game art, fixed 3/4 top-down rural village view, clear readable silhouettes, soft hand-painted texture, clean outlines, modular assets, cozy countryside life simulation, no combat, no horror, no modern sci-fi HUD. Paint one modular region runtime layer for forest_edge_ysort_props_structures; exact canvas 1700x1150 px; transparent background with clean alpha; keep the fixed 3/4 top-down world perspective, reusable layer edges, and no UI text.","Do not copy any existing game, anime, movie, or named artist style. No photorealism, no combat, no weapons, no monsters, no aggressive expressions, no text baked into gameplay art, no harsh neon, no heavy black shadows, no random crop, no wrong perspective, no visible watermark."
batch_b_regions,region_layer,forest_edge_foreground_occlusion,02_runtime_exports/regions/forest_edge/layers/forest_edge_foreground_occlusion.png,1700x1150,True,"Warm low-saturation storybook 2D game art, fixed 3/4 top-down rural village view, clear readable silhouettes, soft hand-painted texture, clean outlines, modular assets, cozy countryside life simulation, no combat, no horror, no modern sci-fi HUD. Paint one modular region runtime layer for forest_edge_foreground_occlusion; exact canvas 1700x1150 px; transparent background with clean alpha; keep the fixed 3/4 top-down world perspective, reusable layer edges, and no UI text.","Do not copy any existing game, anime, movie, or named artist style. No photorealism, no combat, no weapons, no monsters, no aggressive expressions, no text baked into gameplay art, no harsh neon, no heavy black shadows, no random crop, no wrong perspective, no visible watermark."
batch_b_regions,region_layer,forest_edge_shadow_overlay,02_runtime_exports/regions/forest_edge/layers/forest_edge_shadow_overlay.png,1700x1150,True,"Warm low-saturation storybook 2D game art, fixed 3/4 top-down rural village view, clear readable silhouettes, soft hand-painted texture, clean outlines, modular assets, cozy countryside life simulation, no combat, no horror, no modern sci-fi HUD. Paint one modular region runtime layer for forest_edge_shadow_overlay; exact canvas 1700x1150 px; transparent background with clean alpha; keep the fixed 3/4 top-down world perspective, reusable layer edges, and no UI text.","Do not copy any existing game, anime, movie, or named artist style. No photorealism, no combat, no weapons, no monsters, no aggressive expressions, no text baked into gameplay art, no harsh neon, no heavy black shadows, no random crop, no wrong perspective, no visible watermark."
batch_b_regions,region_layer,forest_edge_light_weather_overlay_spring,02_runtime_exports/regions/forest_edge/layers/forest_edge_light_weather_overlay_spring.png,1700x1150,True,"Warm low-saturation storybook 2D game art, fixed 3/4 top-down rural village view, clear readable silhouettes, soft hand-painted texture, clean outlines, modular assets, cozy countryside life simulation, no combat, no horror, no modern sci-fi HUD. Paint one modular region runtime layer for forest_edge_light_weather_overlay_spring; exact canvas 1700x1150 px; transparent background with clean alpha; keep the fixed 3/4 top-down world perspective, reusable layer edges, and no UI text.","Do not copy any existing game, anime, movie, or named artist style. No photorealism, no combat, no weapons, no monsters, no aggressive expressions, no text baked into gameplay art, no harsh neon, no heavy black shadows, no random crop, no wrong perspective, no visible watermark."
batch_b_regions,region_layer,forest_edge_light_weather_overlay_summer,02_runtime_exports/regions/forest_edge/layers/forest_edge_light_weather_overlay_summer.png,1700x1150,True,"Warm low-saturation storybook 2D game art, fixed 3/4 top-down rural village view, clear readable silhouettes, soft hand-painted texture, clean outlines, modular assets, cozy countryside life simulation, no combat, no horror, no modern sci-fi HUD. Paint one modular region runtime layer for forest_edge_light_weather_overlay_summer; exact canvas 1700x1150 px; transparent background with clean alpha; keep the fixed 3/4 top-down world perspective, reusable layer edges, and no UI text.","Do not copy any existing game, anime, movie, or named artist style. No photorealism, no combat, no weapons, no monsters, no aggressive expressions, no text baked into gameplay art, no harsh neon, no heavy black shadows, no random crop, no wrong perspective, no visible watermark."
batch_b_regions,region_layer,forest_edge_light_weather_overlay_autumn,02_runtime_exports/regions/forest_edge/layers/forest_edge_light_weather_overlay_autumn.png,1700x1150,True,"Warm low-saturation storybook 2D game art, fixed 3/4 top-down rural village view, clear readable silhouettes, soft hand-painted texture, clean outlines, modular assets, cozy countryside life simulation, no combat, no horror, no modern sci-fi HUD. Paint one modular region runtime layer for forest_edge_light_weather_overlay_autumn; exact canvas 1700x1150 px; transparent background with clean alpha; keep the fixed 3/4 top-down world perspective, reusable layer edges, and no UI text.","Do not copy any existing game, anime, movie, or named artist style. No photorealism, no combat, no weapons, no monsters, no aggressive expressions, no text baked into gameplay art, no harsh neon, no heavy black shadows, no random crop, no wrong perspective, no visible watermark."
batch_b_regions,region_layer,forest_edge_light_weather_overlay_winter,02_runtime_exports/regions/forest_edge/layers/forest_edge_light_weather_overlay_winter.png,1700x1150,True,"Warm low-saturation storybook 2D game art, fixed 3/4 top-down rural village view, clear readable silhouettes, soft hand-painted texture, clean outlines, modular assets, cozy countryside life simulation, no combat, no horror, no modern sci-fi HUD. Paint one modular region runtime layer for forest_edge_light_weather_overlay_winter; exact canvas 1700x1150 px; transparent background with clean alpha; keep the fixed 3/4 top-down world perspective, reusable layer edges, and no UI text.","Do not copy any existing game, anime, movie, or named artist style. No photorealism, no combat, no weapons, no monsters, no aggressive expressions, no text baked into gameplay art, no harsh neon, no heavy black shadows, no random crop, no wrong perspective, no visible watermark."
batch_b_regions,region_mother,orchard_painted_source,01_mother_images/regions/orchard/orchard_painted_source.png,1700x1150,False,"Warm low-saturation storybook 2D game art, fixed 3/4 top-down rural village view, clear readable silhouettes, soft hand-painted texture, clean outlines, modular assets, cozy countryside life simulation, no combat, no horror, no modern sci-fi HUD. Paint a complete region source/review mother for orchard_painted_source; exact canvas 1700x1150 px; fully opaque complete review image; believable village-space layout, readable roads, props beside paths, no impossible overlaps.","Do not copy any existing game, anime, movie, or named artist style. No photorealism, no combat, no weapons, no monsters, no aggressive expressions, no text baked into gameplay art, no harsh neon, no heavy black shadows, no random crop, no wrong perspective, no visible watermark."
batch_b_regions,region_layer,orchard_base_ground,02_runtime_exports/regions/orchard/layers/orchard_base_ground.png,1700x1150,False,"Warm low-saturation storybook 2D game art, fixed 3/4 top-down rural village view, clear readable silhouettes, soft hand-painted texture, clean outlines, modular assets, cozy countryside life simulation, no combat, no horror, no modern sci-fi HUD. Paint one modular region runtime layer for orchard_base_ground; exact canvas 1700x1150 px; fully opaque complete review image; keep the fixed 3/4 top-down world perspective, reusable layer edges, and no UI text.","Do not copy any existing game, anime, movie, or named artist style. No photorealism, no combat, no weapons, no monsters, no aggressive expressions, no text baked into gameplay art, no harsh neon, no heavy black shadows, no random crop, no wrong perspective, no visible watermark."
batch_b_regions,region_layer,orchard_terrain_details,02_runtime_exports/regions/orchard/layers/orchard_terrain_details.png,1700x1150,True,"Warm low-saturation storybook 2D game art, fixed 3/4 top-down rural village view, clear readable silhouettes, soft hand-painted texture, clean outlines, modular assets, cozy countryside life simulation, no combat, no horror, no modern sci-fi HUD. Paint one modular region runtime layer for orchard_terrain_details; exact canvas 1700x1150 px; transparent background with clean alpha; keep the fixed 3/4 top-down world perspective, reusable layer edges, and no UI text.","Do not copy any existing game, anime, movie, or named artist style. No photorealism, no combat, no weapons, no monsters, no aggressive expressions, no text baked into gameplay art, no harsh neon, no heavy black shadows, no random crop, no wrong perspective, no visible watermark."
batch_b_regions,region_layer,orchard_behind_player_structures,02_runtime_exports/regions/orchard/layers/orchard_behind_player_structures.png,1700x1150,True,"Warm low-saturation storybook 2D game art, fixed 3/4 top-down rural village view, clear readable silhouettes, soft hand-painted texture, clean outlines, modular assets, cozy countryside life simulation, no combat, no horror, no modern sci-fi HUD. Paint one modular region runtime layer for orchard_behind_player_structures; exact canvas 1700x1150 px; transparent background with clean alpha; keep the fixed 3/4 top-down world perspective, reusable layer edges, and no UI text.","Do not copy any existing game, anime, movie, or named artist style. No photorealism, no combat, no weapons, no monsters, no aggressive expressions, no text baked into gameplay art, no harsh neon, no heavy black shadows, no random crop, no wrong perspective, no visible watermark."
batch_b_regions,region_layer,orchard_ysort_props_structures,02_runtime_exports/regions/orchard/layers/orchard_ysort_props_structures.png,1700x1150,True,"Warm low-saturation storybook 2D game art, fixed 3/4 top-down rural village view, clear readable silhouettes, soft hand-painted texture, clean outlines, modular assets, cozy countryside life simulation, no combat, no horror, no modern sci-fi HUD. Paint one modular region runtime layer for orchard_ysort_props_structures; exact canvas 1700x1150 px; transparent background with clean alpha; keep the fixed 3/4 top-down world perspective, reusable layer edges, and no UI text.","Do not copy any existing game, anime, movie, or named artist style. No photorealism, no combat, no weapons, no monsters, no aggressive expressions, no text baked into gameplay art, no harsh neon, no heavy black shadows, no random crop, no wrong perspective, no visible watermark."
batch_b_regions,region_layer,orchard_foreground_occlusion,02_runtime_exports/regions/orchard/layers/orchard_foreground_occlusion.png,1700x1150,True,"Warm low-saturation storybook 2D game art, fixed 3/4 top-down rural village view, clear readable silhouettes, soft hand-painted texture, clean outlines, modular assets, cozy countryside life simulation, no combat, no horror, no modern sci-fi HUD. Paint one modular region runtime layer for orchard_foreground_occlusion; exact canvas 1700x1150 px; transparent background with clean alpha; keep the fixed 3/4 top-down world perspective, reusable layer edges, and no UI text.","Do not copy any existing game, anime, movie, or named artist style. No photorealism, no combat, no weapons, no monsters, no aggressive expressions, no text baked into gameplay art, no harsh neon, no heavy black shadows, no random crop, no wrong perspective, no visible watermark."
batch_b_regions,region_layer,orchard_shadow_overlay,02_runtime_exports/regions/orchard/layers/orchard_shadow_overlay.png,1700x1150,True,"Warm low-saturation storybook 2D game art, fixed 3/4 top-down rural village view, clear readable silhouettes, soft hand-painted texture, clean outlines, modular assets, cozy countryside life simulation, no combat, no horror, no modern sci-fi HUD. Paint one modular region runtime layer for orchard_shadow_overlay; exact canvas 1700x1150 px; transparent background with clean alpha; keep the fixed 3/4 top-down world perspective, reusable layer edges, and no UI text.","Do not copy any existing game, anime, movie, or named artist style. No photorealism, no combat, no weapons, no monsters, no aggressive expressions, no text baked into gameplay art, no harsh neon, no heavy black shadows, no random crop, no wrong perspective, no visible watermark."
batch_b_regions,region_layer,orchard_light_weather_overlay_spring,02_runtime_exports/regions/orchard/layers/orchard_light_weather_overlay_spring.png,1700x1150,True,"Warm low-saturation storybook 2D game art, fixed 3/4 top-down rural village view, clear readable silhouettes, soft hand-painted texture, clean outlines, modular assets, cozy countryside life simulation, no combat, no horror, no modern sci-fi HUD. Paint one modular region runtime layer for orchard_light_weather_overlay_spring; exact canvas 1700x1150 px; transparent background with clean alpha; keep the fixed 3/4 top-down world perspective, reusable layer edges, and no UI text.","Do not copy any existing game, anime, movie, or named artist style. No photorealism, no combat, no weapons, no monsters, no aggressive expressions, no text baked into gameplay art, no harsh neon, no heavy black shadows, no random crop, no wrong perspective, no visible watermark."
batch_b_regions,region_layer,orchard_light_weather_overlay_summer,02_runtime_exports/regions/orchard/layers/orchard_light_weather_overlay_summer.png,1700x1150,True,"Warm low-saturation storybook 2D game art, fixed 3/4 top-down rural village view, clear readable silhouettes, soft hand-painted texture, clean outlines, modular assets, cozy countryside life simulation, no combat, no horror, no modern sci-fi HUD. Paint one modular region runtime layer for orchard_light_weather_overlay_summer; exact canvas 1700x1150 px; transparent background with clean alpha; keep the fixed 3/4 top-down world perspective, reusable layer edges, and no UI text.","Do not copy any existing game, anime, movie, or named artist style. No photorealism, no combat, no weapons, no monsters, no aggressive expressions, no text baked into gameplay art, no harsh neon, no heavy black shadows, no random crop, no wrong perspective, no visible watermark."
batch_b_regions,region_layer,orchard_light_weather_overlay_autumn,02_runtime_exports/regions/orchard/layers/orchard_light_weather_overlay_autumn.png,1700x1150,True,"Warm low-saturation storybook 2D game art, fixed 3/4 top-down rural village view, clear readable silhouettes, soft hand-painted texture, clean outlines, modular assets, cozy countryside life simulation, no combat, no horror, no modern sci-fi HUD. Paint one modular region runtime layer for orchard_light_weather_overlay_autumn; exact canvas 1700x1150 px; transparent background with clean alpha; keep the fixed 3/4 top-down world perspective, reusable layer edges, and no UI text.","Do not copy any existing game, anime, movie, or named artist style. No photorealism, no combat, no weapons, no monsters, no aggressive expressions, no text baked into gameplay art, no harsh neon, no heavy black shadows, no random crop, no wrong perspective, no visible watermark."
batch_b_regions,region_layer,orchard_light_weather_overlay_winter,02_runtime_exports/regions/orchard/layers/orchard_light_weather_overlay_winter.png,1700x1150,True,"Warm low-saturation storybook 2D game art, fixed 3/4 top-down rural village view, clear readable silhouettes, soft hand-painted texture, clean outlines, modular assets, cozy countryside life simulation, no combat, no horror, no modern sci-fi HUD. Paint one modular region runtime layer for orchard_light_weather_overlay_winter; exact canvas 1700x1150 px; transparent background with clean alpha; keep the fixed 3/4 top-down world perspective, reusable layer edges, and no UI text.","Do not copy any existing game, anime, movie, or named artist style. No photorealism, no combat, no weapons, no monsters, no aggressive expressions, no text baked into gameplay art, no harsh neon, no heavy black shadows, no random crop, no wrong perspective, no visible watermark."
batch_b_regions,region_mother,pond_painted_source,01_mother_images/regions/pond/pond_painted_source.png,1600x1100,False,"Warm low-saturation storybook 2D game art, fixed 3/4 top-down rural village view, clear readable silhouettes, soft hand-painted texture, clean outlines, modular assets, cozy countryside life simulation, no combat, no horror, no modern sci-fi HUD. Paint a complete region source/review mother for pond_painted_source; exact canvas 1600x1100 px; fully opaque complete review image; believable village-space layout, readable roads, props beside paths, no impossible overlaps.","Do not copy any existing game, anime, movie, or named artist style. No photorealism, no combat, no weapons, no monsters, no aggressive expressions, no text baked into gameplay art, no harsh neon, no heavy black shadows, no random crop, no wrong perspective, no visible watermark."
batch_b_regions,region_layer,pond_base_ground,02_runtime_exports/regions/pond/layers/pond_base_ground.png,1600x1100,False,"Warm low-saturation storybook 2D game art, fixed 3/4 top-down rural village view, clear readable silhouettes, soft hand-painted texture, clean outlines, modular assets, cozy countryside life simulation, no combat, no horror, no modern sci-fi HUD. Paint one modular region runtime layer for pond_base_ground; exact canvas 1600x1100 px; fully opaque complete review image; keep the fixed 3/4 top-down world perspective, reusable layer edges, and no UI text.","Do not copy any existing game, anime, movie, or named artist style. No photorealism, no combat, no weapons, no monsters, no aggressive expressions, no text baked into gameplay art, no harsh neon, no heavy black shadows, no random crop, no wrong perspective, no visible watermark."
batch_b_regions,region_layer,pond_terrain_details,02_runtime_exports/regions/pond/layers/pond_terrain_details.png,1600x1100,True,"Warm low-saturation storybook 2D game art, fixed 3/4 top-down rural village view, clear readable silhouettes, soft hand-painted texture, clean outlines, modular assets, cozy countryside life simulation, no combat, no horror, no modern sci-fi HUD. Paint one modular region runtime layer for pond_terrain_details; exact canvas 1600x1100 px; transparent background with clean alpha; keep the fixed 3/4 top-down world perspective, reusable layer edges, and no UI text.","Do not copy any existing game, anime, movie, or named artist style. No photorealism, no combat, no weapons, no monsters, no aggressive expressions, no text baked into gameplay art, no harsh neon, no heavy black shadows, no random crop, no wrong perspective, no visible watermark."
batch_b_regions,region_layer,pond_behind_player_structures,02_runtime_exports/regions/pond/layers/pond_behind_player_structures.png,1600x1100,True,"Warm low-saturation storybook 2D game art, fixed 3/4 top-down rural village view, clear readable silhouettes, soft hand-painted texture, clean outlines, modular assets, cozy countryside life simulation, no combat, no horror, no modern sci-fi HUD. Paint one modular region runtime layer for pond_behind_player_structures; exact canvas 1600x1100 px; transparent background with clean alpha; keep the fixed 3/4 top-down world perspective, reusable layer edges, and no UI text.","Do not copy any existing game, anime, movie, or named artist style. No photorealism, no combat, no weapons, no monsters, no aggressive expressions, no text baked into gameplay art, no harsh neon, no heavy black shadows, no random crop, no wrong perspective, no visible watermark."
batch_b_regions,region_layer,pond_ysort_props_structures,02_runtime_exports/regions/pond/layers/pond_ysort_props_structures.png,1600x1100,True,"Warm low-saturation storybook 2D game art, fixed 3/4 top-down rural village view, clear readable silhouettes, soft hand-painted texture, clean outlines, modular assets, cozy countryside life simulation, no combat, no horror, no modern sci-fi HUD. Paint one modular region runtime layer for pond_ysort_props_structures; exact canvas 1600x1100 px; transparent background with clean alpha; keep the fixed 3/4 top-down world perspective, reusable layer edges, and no UI text.","Do not copy any existing game, anime, movie, or named artist style. No photorealism, no combat, no weapons, no monsters, no aggressive expressions, no text baked into gameplay art, no harsh neon, no heavy black shadows, no random crop, no wrong perspective, no visible watermark."
batch_b_regions,region_layer,pond_foreground_occlusion,02_runtime_exports/regions/pond/layers/pond_foreground_occlusion.png,1600x1100,True,"Warm low-saturation storybook 2D game art, fixed 3/4 top-down rural village view, clear readable silhouettes, soft hand-painted texture, clean outlines, modular assets, cozy countryside life simulation, no combat, no horror, no modern sci-fi HUD. Paint one modular region runtime layer for pond_foreground_occlusion; exact canvas 1600x1100 px; transparent background with clean alpha; keep the fixed 3/4 top-down world perspective, reusable layer edges, and no UI text.","Do not copy any existing game, anime, movie, or named artist style. No photorealism, no combat, no weapons, no monsters, no aggressive expressions, no text baked into gameplay art, no harsh neon, no heavy black shadows, no random crop, no wrong perspective, no visible watermark."
batch_b_regions,region_layer,pond_shadow_overlay,02_runtime_exports/regions/pond/layers/pond_shadow_overlay.png,1600x1100,True,"Warm low-saturation storybook 2D game art, fixed 3/4 top-down rural village view, clear readable silhouettes, soft hand-painted texture, clean outlines, modular assets, cozy countryside life simulation, no combat, no horror, no modern sci-fi HUD. Paint one modular region runtime layer for pond_shadow_overlay; exact canvas 1600x1100 px; transparent background with clean alpha; keep the fixed 3/4 top-down world perspective, reusable layer edges, and no UI text.","Do not copy any existing game, anime, movie, or named artist style. No photorealism, no combat, no weapons, no monsters, no aggressive expressions, no text baked into gameplay art, no harsh neon, no heavy black shadows, no random crop, no wrong perspective, no visible watermark."
batch_b_regions,region_layer,pond_light_weather_overlay_spring,02_runtime_exports/regions/pond/layers/pond_light_weather_overlay_spring.png,1600x1100,True,"Warm low-saturation storybook 2D game art, fixed 3/4 top-down rural village view, clear readable silhouettes, soft hand-painted texture, clean outlines, modular assets, cozy countryside life simulation, no combat, no horror, no modern sci-fi HUD. Paint one modular region runtime layer for pond_light_weather_overlay_spring; exact canvas 1600x1100 px; transparent background with clean alpha; keep the fixed 3/4 top-down world perspective, reusable layer edges, and no UI text.","Do not copy any existing game, anime, movie, or named artist style. No photorealism, no combat, no weapons, no monsters, no aggressive expressions, no text baked into gameplay art, no harsh neon, no heavy black shadows, no random crop, no wrong perspective, no visible watermark."
batch_b_regions,region_layer,pond_light_weather_overlay_summer,02_runtime_exports/regions/pond/layers/pond_light_weather_overlay_summer.png,1600x1100,True,"Warm low-saturation storybook 2D game art, fixed 3/4 top-down rural village view, clear readable silhouettes, soft hand-painted texture, clean outlines, modular assets, cozy countryside life simulation, no combat, no horror, no modern sci-fi HUD. Paint one modular region runtime layer for pond_light_weather_overlay_summer; exact canvas 1600x1100 px; transparent background with clean alpha; keep the fixed 3/4 top-down world perspective, reusable layer edges, and no UI text.","Do not copy any existing game, anime, movie, or named artist style. No photorealism, no combat, no weapons, no monsters, no aggressive expressions, no text baked into gameplay art, no harsh neon, no heavy black shadows, no random crop, no wrong perspective, no visible watermark."
batch_b_regions,region_layer,pond_light_weather_overlay_autumn,02_runtime_exports/regions/pond/layers/pond_light_weather_overlay_autumn.png,1600x1100,True,"Warm low-saturation storybook 2D game art, fixed 3/4 top-down rural village view, clear readable silhouettes, soft hand-painted texture, clean outlines, modular assets, cozy countryside life simulation, no combat, no horror, no modern sci-fi HUD. Paint one modular region runtime layer for pond_light_weather_overlay_autumn; exact canvas 1600x1100 px; transparent background with clean alpha; keep the fixed 3/4 top-down world perspective, reusable layer edges, and no UI text.","Do not copy any existing game, anime, movie, or named artist style. No photorealism, no combat, no weapons, no monsters, no aggressive expressions, no text baked into gameplay art, no harsh neon, no heavy black shadows, no random crop, no wrong perspective, no visible watermark."
batch_b_regions,region_layer,pond_light_weather_overlay_winter,02_runtime_exports/regions/pond/layers/pond_light_weather_overlay_winter.png,1600x1100,True,"Warm low-saturation storybook 2D game art, fixed 3/4 top-down rural village view, clear readable silhouettes, soft hand-painted texture, clean outlines, modular assets, cozy countryside life simulation, no combat, no horror, no modern sci-fi HUD. Paint one modular region runtime layer for pond_light_weather_overlay_winter; exact canvas 1600x1100 px; transparent background with clean alpha; keep the fixed 3/4 top-down world perspective, reusable layer edges, and no UI text.","Do not copy any existing game, anime, movie, or named artist style. No photorealism, no combat, no weapons, no monsters, no aggressive expressions, no text baked into gameplay art, no harsh neon, no heavy black shadows, no random crop, no wrong perspective, no visible watermark."
batch_b_regions,region_mother,mountain_path_painted_source,01_mother_images/regions/mountain_path/mountain_path_painted_source.png,1700x1200,False,"Warm low-saturation storybook 2D game art, fixed 3/4 top-down rural village view, clear readable silhouettes, soft hand-painted texture, clean outlines, modular assets, cozy countryside life simulation, no combat, no horror, no modern sci-fi HUD. Paint a complete region source/review mother for mountain_path_painted_source; exact canvas 1700x1200 px; fully opaque complete review image; believable village-space layout, readable roads, props beside paths, no impossible overlaps.","Do not copy any existing game, anime, movie, or named artist style. No photorealism, no combat, no weapons, no monsters, no aggressive expressions, no text baked into gameplay art, no harsh neon, no heavy black shadows, no random crop, no wrong perspective, no visible watermark."
batch_b_regions,region_layer,mountain_path_base_ground,02_runtime_exports/regions/mountain_path/layers/mountain_path_base_ground.png,1700x1200,False,"Warm low-saturation storybook 2D game art, fixed 3/4 top-down rural village view, clear readable silhouettes, soft hand-painted texture, clean outlines, modular assets, cozy countryside life simulation, no combat, no horror, no modern sci-fi HUD. Paint one modular region runtime layer for mountain_path_base_ground; exact canvas 1700x1200 px; fully opaque complete review image; keep the fixed 3/4 top-down world perspective, reusable layer edges, and no UI text.","Do not copy any existing game, anime, movie, or named artist style. No photorealism, no combat, no weapons, no monsters, no aggressive expressions, no text baked into gameplay art, no harsh neon, no heavy black shadows, no random crop, no wrong perspective, no visible watermark."
batch_b_regions,region_layer,mountain_path_terrain_details,02_runtime_exports/regions/mountain_path/layers/mountain_path_terrain_details.png,1700x1200,True,"Warm low-saturation storybook 2D game art, fixed 3/4 top-down rural village view, clear readable silhouettes, soft hand-painted texture, clean outlines, modular assets, cozy countryside life simulation, no combat, no horror, no modern sci-fi HUD. Paint one modular region runtime layer for mountain_path_terrain_details; exact canvas 1700x1200 px; transparent background with clean alpha; keep the fixed 3/4 top-down world perspective, reusable layer edges, and no UI text.","Do not copy any existing game, anime, movie, or named artist style. No photorealism, no combat, no weapons, no monsters, no aggressive expressions, no text baked into gameplay art, no harsh neon, no heavy black shadows, no random crop, no wrong perspective, no visible watermark."
batch_b_regions,region_layer,mountain_path_behind_player_structures,02_runtime_exports/regions/mountain_path/layers/mountain_path_behind_player_structures.png,1700x1200,True,"Warm low-saturation storybook 2D game art, fixed 3/4 top-down rural village view, clear readable silhouettes, soft hand-painted texture, clean outlines, modular assets, cozy countryside life simulation, no combat, no horror, no modern sci-fi HUD. Paint one modular region runtime layer for mountain_path_behind_player_structures; exact canvas 1700x1200 px; transparent background with clean alpha; keep the fixed 3/4 top-down world perspective, reusable layer edges, and no UI text.","Do not copy any existing game, anime, movie, or named artist style. No photorealism, no combat, no weapons, no monsters, no aggressive expressions, no text baked into gameplay art, no harsh neon, no heavy black shadows, no random crop, no wrong perspective, no visible watermark."
batch_b_regions,region_layer,mountain_path_ysort_props_structures,02_runtime_exports/regions/mountain_path/layers/mountain_path_ysort_props_structures.png,1700x1200,True,"Warm low-saturation storybook 2D game art, fixed 3/4 top-down rural village view, clear readable silhouettes, soft hand-painted texture, clean outlines, modular assets, cozy countryside life simulation, no combat, no horror, no modern sci-fi HUD. Paint one modular region runtime layer for mountain_path_ysort_props_structures; exact canvas 1700x1200 px; transparent background with clean alpha; keep the fixed 3/4 top-down world perspective, reusable layer edges, and no UI text.","Do not copy any existing game, anime, movie, or named artist style. No photorealism, no combat, no weapons, no monsters, no aggressive expressions, no text baked into gameplay art, no harsh neon, no heavy black shadows, no random crop, no wrong perspective, no visible watermark."
batch_b_regions,region_layer,mountain_path_foreground_occlusion,02_runtime_exports/regions/mountain_path/layers/mountain_path_foreground_occlusion.png,1700x1200,True,"Warm low-saturation storybook 2D game art, fixed 3/4 top-down rural village view, clear readable silhouettes, soft hand-painted texture, clean outlines, modular assets, cozy countryside life simulation, no combat, no horror, no modern sci-fi HUD. Paint one modular region runtime layer for mountain_path_foreground_occlusion; exact canvas 1700x1200 px; transparent background with clean alpha; keep the fixed 3/4 top-down world perspective, reusable layer edges, and no UI text.","Do not copy any existing game, anime, movie, or named artist style. No photorealism, no combat, no weapons, no monsters, no aggressive expressions, no text baked into gameplay art, no harsh neon, no heavy black shadows, no random crop, no wrong perspective, no visible watermark."
batch_b_regions,region_layer,mountain_path_shadow_overlay,02_runtime_exports/regions/mountain_path/layers/mountain_path_shadow_overlay.png,1700x1200,True,"Warm low-saturation storybook 2D game art, fixed 3/4 top-down rural village view, clear readable silhouettes, soft hand-painted texture, clean outlines, modular assets, cozy countryside life simulation, no combat, no horror, no modern sci-fi HUD. Paint one modular region runtime layer for mountain_path_shadow_overlay; exact canvas 1700x1200 px; transparent background with clean alpha; keep the fixed 3/4 top-down world perspective, reusable layer edges, and no UI text.","Do not copy any existing game, anime, movie, or named artist style. No photorealism, no combat, no weapons, no monsters, no aggressive expressions, no text baked into gameplay art, no harsh neon, no heavy black shadows, no random crop, no wrong perspective, no visible watermark."
batch_b_regions,region_layer,mountain_path_light_weather_overlay_spring,02_runtime_exports/regions/mountain_path/layers/mountain_path_light_weather_overlay_spring.png,1700x1200,True,"Warm low-saturation storybook 2D game art, fixed 3/4 top-down rural village view, clear readable silhouettes, soft hand-painted texture, clean outlines, modular assets, cozy countryside life simulation, no combat, no horror, no modern sci-fi HUD. Paint one modular region runtime layer for mountain_path_light_weather_overlay_spring; exact canvas 1700x1200 px; transparent background with clean alpha; keep the fixed 3/4 top-down world perspective, reusable layer edges, and no UI text.","Do not copy any existing game, anime, movie, or named artist style. No photorealism, no combat, no weapons, no monsters, no aggressive expressions, no text baked into gameplay art, no harsh neon, no heavy black shadows, no random crop, no wrong perspective, no visible watermark."
batch_b_regions,region_layer,mountain_path_light_weather_overlay_summer,02_runtime_exports/regions/mountain_path/layers/mountain_path_light_weather_overlay_summer.png,1700x1200,True,"Warm low-saturation storybook 2D game art, fixed 3/4 top-down rural village view, clear readable silhouettes, soft hand-painted texture, clean outlines, modular assets, cozy countryside life simulation, no combat, no horror, no modern sci-fi HUD. Paint one modular region runtime layer for mountain_path_light_weather_overlay_summer; exact canvas 1700x1200 px; transparent background with clean alpha; keep the fixed 3/4 top-down world perspective, reusable layer edges, and no UI text.","Do not copy any existing game, anime, movie, or named artist style. No photorealism, no combat, no weapons, no monsters, no aggressive expressions, no text baked into gameplay art, no harsh neon, no heavy black shadows, no random crop, no wrong perspective, no visible watermark."
batch_b_regions,region_layer,mountain_path_light_weather_overlay_autumn,02_runtime_exports/regions/mountain_path/layers/mountain_path_light_weather_overlay_autumn.png,1700x1200,True,"Warm low-saturation storybook 2D game art, fixed 3/4 top-down rural village view, clear readable silhouettes, soft hand-painted texture, clean outlines, modular assets, cozy countryside life simulation, no combat, no horror, no modern sci-fi HUD. Paint one modular region runtime layer for mountain_path_light_weather_overlay_autumn; exact canvas 1700x1200 px; transparent background with clean alpha; keep the fixed 3/4 top-down world perspective, reusable layer edges, and no UI text.","Do not copy any existing game, anime, movie, or named artist style. No photorealism, no combat, no weapons, no monsters, no aggressive expressions, no text baked into gameplay art, no harsh neon, no heavy black shadows, no random crop, no wrong perspective, no visible watermark."
batch_b_regions,region_layer,mountain_path_light_weather_overlay_winter,02_runtime_exports/regions/mountain_path/layers/mountain_path_light_weather_overlay_winter.png,1700x1200,True,"Warm low-saturation storybook 2D game art, fixed 3/4 top-down rural village view, clear readable silhouettes, soft hand-painted texture, clean outlines, modular assets, cozy countryside life simulation, no combat, no horror, no modern sci-fi HUD. Paint one modular region runtime layer for mountain_path_light_weather_overlay_winter; exact canvas 1700x1200 px; transparent background with clean alpha; keep the fixed 3/4 top-down world perspective, reusable layer edges, and no UI text.","Do not copy any existing game, anime, movie, or named artist style. No photorealism, no combat, no weapons, no monsters, no aggressive expressions, no text baked into gameplay art, no harsh neon, no heavy black shadows, no random crop, no wrong perspective, no visible watermark."
batch_b_regions,region_mother,mountain_hut_painted_source,01_mother_images/regions/mountain_hut/mountain_hut_painted_source.png,1500x1050,False,"Warm low-saturation storybook 2D game art, fixed 3/4 top-down rural village view, clear readable silhouettes, soft hand-painted texture, clean outlines, modular assets, cozy countryside life simulation, no combat, no horror, no modern sci-fi HUD. Paint a complete region source/review mother for mountain_hut_painted_source; exact canvas 1500x1050 px; fully opaque complete review image; believable village-space layout, readable roads, props beside paths, no impossible overlaps.","Do not copy any existing game, anime, movie, or named artist style. No photorealism, no combat, no weapons, no monsters, no aggressive expressions, no text baked into gameplay art, no harsh neon, no heavy black shadows, no random crop, no wrong perspective, no visible watermark."
batch_b_regions,region_layer,mountain_hut_base_ground,02_runtime_exports/regions/mountain_hut/layers/mountain_hut_base_ground.png,1500x1050,False,"Warm low-saturation storybook 2D game art, fixed 3/4 top-down rural village view, clear readable silhouettes, soft hand-painted texture, clean outlines, modular assets, cozy countryside life simulation, no combat, no horror, no modern sci-fi HUD. Paint one modular region runtime layer for mountain_hut_base_ground; exact canvas 1500x1050 px; fully opaque complete review image; keep the fixed 3/4 top-down world perspective, reusable layer edges, and no UI text.","Do not copy any existing game, anime, movie, or named artist style. No photorealism, no combat, no weapons, no monsters, no aggressive expressions, no text baked into gameplay art, no harsh neon, no heavy black shadows, no random crop, no wrong perspective, no visible watermark."
batch_b_regions,region_layer,mountain_hut_terrain_details,02_runtime_exports/regions/mountain_hut/layers/mountain_hut_terrain_details.png,1500x1050,True,"Warm low-saturation storybook 2D game art, fixed 3/4 top-down rural village view, clear readable silhouettes, soft hand-painted texture, clean outlines, modular assets, cozy countryside life simulation, no combat, no horror, no modern sci-fi HUD. Paint one modular region runtime layer for mountain_hut_terrain_details; exact canvas 1500x1050 px; transparent background with clean alpha; keep the fixed 3/4 top-down world perspective, reusable layer edges, and no UI text.","Do not copy any existing game, anime, movie, or named artist style. No photorealism, no combat, no weapons, no monsters, no aggressive expressions, no text baked into gameplay art, no harsh neon, no heavy black shadows, no random crop, no wrong perspective, no visible watermark."
batch_b_regions,region_layer,mountain_hut_behind_player_structures,02_runtime_exports/regions/mountain_hut/layers/mountain_hut_behind_player_structures.png,1500x1050,True,"Warm low-saturation storybook 2D game art, fixed 3/4 top-down rural village view, clear readable silhouettes, soft hand-painted texture, clean outlines, modular assets, cozy countryside life simulation, no combat, no horror, no modern sci-fi HUD. Paint one modular region runtime layer for mountain_hut_behind_player_structures; exact canvas 1500x1050 px; transparent background with clean alpha; keep the fixed 3/4 top-down world perspective, reusable layer edges, and no UI text.","Do not copy any existing game, anime, movie, or named artist style. No photorealism, no combat, no weapons, no monsters, no aggressive expressions, no text baked into gameplay art, no harsh neon, no heavy black shadows, no random crop, no wrong perspective, no visible watermark."
batch_b_regions,region_layer,mountain_hut_ysort_props_structures,02_runtime_exports/regions/mountain_hut/layers/mountain_hut_ysort_props_structures.png,1500x1050,True,"Warm low-saturation storybook 2D game art, fixed 3/4 top-down rural village view, clear readable silhouettes, soft hand-painted texture, clean outlines, modular assets, cozy countryside life simulation, no combat, no horror, no modern sci-fi HUD. Paint one modular region runtime layer for mountain_hut_ysort_props_structures; exact canvas 1500x1050 px; transparent background with clean alpha; keep the fixed 3/4 top-down world perspective, reusable layer edges, and no UI text.","Do not copy any existing game, anime, movie, or named artist style. No photorealism, no combat, no weapons, no monsters, no aggressive expressions, no text baked into gameplay art, no harsh neon, no heavy black shadows, no random crop, no wrong perspective, no visible watermark."
batch_b_regions,region_layer,mountain_hut_foreground_occlusion,02_runtime_exports/regions/mountain_hut/layers/mountain_hut_foreground_occlusion.png,1500x1050,True,"Warm low-saturation storybook 2D game art, fixed 3/4 top-down rural village view, clear readable silhouettes, soft hand-painted texture, clean outlines, modular assets, cozy countryside life simulation, no combat, no horror, no modern sci-fi HUD. Paint one modular region runtime layer for mountain_hut_foreground_occlusion; exact canvas 1500x1050 px; transparent background with clean alpha; keep the fixed 3/4 top-down world perspective, reusable layer edges, and no UI text.","Do not copy any existing game, anime, movie, or named artist style. No photorealism, no combat, no weapons, no monsters, no aggressive expressions, no text baked into gameplay art, no harsh neon, no heavy black shadows, no random crop, no wrong perspective, no visible watermark."
batch_b_regions,region_layer,mountain_hut_shadow_overlay,02_runtime_exports/regions/mountain_hut/layers/mountain_hut_shadow_overlay.png,1500x1050,True,"Warm low-saturation storybook 2D game art, fixed 3/4 top-down rural village view, clear readable silhouettes, soft hand-painted texture, clean outlines, modular assets, cozy countryside life simulation, no combat, no horror, no modern sci-fi HUD. Paint one modular region runtime layer for mountain_hut_shadow_overlay; exact canvas 1500x1050 px; transparent background with clean alpha; keep the fixed 3/4 top-down world perspective, reusable layer edges, and no UI text.","Do not copy any existing game, anime, movie, or named artist style. No photorealism, no combat, no weapons, no monsters, no aggressive expressions, no text baked into gameplay art, no harsh neon, no heavy black shadows, no random crop, no wrong perspective, no visible watermark."
batch_b_regions,region_layer,mountain_hut_light_weather_overlay_spring,02_runtime_exports/regions/mountain_hut/layers/mountain_hut_light_weather_overlay_spring.png,1500x1050,True,"Warm low-saturation storybook 2D game art, fixed 3/4 top-down rural village view, clear readable silhouettes, soft hand-painted texture, clean outlines, modular assets, cozy countryside life simulation, no combat, no horror, no modern sci-fi HUD. Paint one modular region runtime layer for mountain_hut_light_weather_overlay_spring; exact canvas 1500x1050 px; transparent background with clean alpha; keep the fixed 3/4 top-down world perspective, reusable layer edges, and no UI text.","Do not copy any existing game, anime, movie, or named artist style. No photorealism, no combat, no weapons, no monsters, no aggressive expressions, no text baked into gameplay art, no harsh neon, no heavy black shadows, no random crop, no wrong perspective, no visible watermark."
batch_b_regions,region_layer,mountain_hut_light_weather_overlay_summer,02_runtime_exports/regions/mountain_hut/layers/mountain_hut_light_weather_overlay_summer.png,1500x1050,True,"Warm low-saturation storybook 2D game art, fixed 3/4 top-down rural village view, clear readable silhouettes, soft hand-painted texture, clean outlines, modular assets, cozy countryside life simulation, no combat, no horror, no modern sci-fi HUD. Paint one modular region runtime layer for mountain_hut_light_weather_overlay_summer; exact canvas 1500x1050 px; transparent background with clean alpha; keep the fixed 3/4 top-down world perspective, reusable layer edges, and no UI text.","Do not copy any existing game, anime, movie, or named artist style. No photorealism, no combat, no weapons, no monsters, no aggressive expressions, no text baked into gameplay art, no harsh neon, no heavy black shadows, no random crop, no wrong perspective, no visible watermark."
batch_b_regions,region_layer,mountain_hut_light_weather_overlay_autumn,02_runtime_exports/regions/mountain_hut/layers/mountain_hut_light_weather_overlay_autumn.png,1500x1050,True,"Warm low-saturation storybook 2D game art, fixed 3/4 top-down rural village view, clear readable silhouettes, soft hand-painted texture, clean outlines, modular assets, cozy countryside life simulation, no combat, no horror, no modern sci-fi HUD. Paint one modular region runtime layer for mountain_hut_light_weather_overlay_autumn; exact canvas 1500x1050 px; transparent background with clean alpha; keep the fixed 3/4 top-down world perspective, reusable layer edges, and no UI text.","Do not copy any existing game, anime, movie, or named artist style. No photorealism, no combat, no weapons, no monsters, no aggressive expressions, no text baked into gameplay art, no harsh neon, no heavy black shadows, no random crop, no wrong perspective, no visible watermark."
batch_b_regions,region_layer,mountain_hut_light_weather_overlay_winter,02_runtime_exports/regions/mountain_hut/layers/mountain_hut_light_weather_overlay_winter.png,1500x1050,True,"Warm low-saturation storybook 2D game art, fixed 3/4 top-down rural village view, clear readable silhouettes, soft hand-painted texture, clean outlines, modular assets, cozy countryside life simulation, no combat, no horror, no modern sci-fi HUD. Paint one modular region runtime layer for mountain_hut_light_weather_overlay_winter; exact canvas 1500x1050 px; transparent background with clean alpha; keep the fixed 3/4 top-down world perspective, reusable layer edges, and no UI text.","Do not copy any existing game, anime, movie, or named artist style. No photorealism, no combat, no weapons, no monsters, no aggressive expressions, no text baked into gameplay art, no harsh neon, no heavy black shadows, no random crop, no wrong perspective, no visible watermark."
batch_b_regions,region_mother,mountain_painted_source,01_mother_images/regions/mountain/mountain_painted_source.png,1800x1200,False,"Warm low-saturation storybook 2D game art, fixed 3/4 top-down rural village view, clear readable silhouettes, soft hand-painted texture, clean outlines, modular assets, cozy countryside life simulation, no combat, no horror, no modern sci-fi HUD. Paint a complete region source/review mother for mountain_painted_source; exact canvas 1800x1200 px; fully opaque complete review image; believable village-space layout, readable roads, props beside paths, no impossible overlaps.","Do not copy any existing game, anime, movie, or named artist style. No photorealism, no combat, no weapons, no monsters, no aggressive expressions, no text baked into gameplay art, no harsh neon, no heavy black shadows, no random crop, no wrong perspective, no visible watermark."
batch_b_regions,region_layer,mountain_base_ground,02_runtime_exports/regions/mountain/layers/mountain_base_ground.png,1800x1200,False,"Warm low-saturation storybook 2D game art, fixed 3/4 top-down rural village view, clear readable silhouettes, soft hand-painted texture, clean outlines, modular assets, cozy countryside life simulation, no combat, no horror, no modern sci-fi HUD. Paint one modular region runtime layer for mountain_base_ground; exact canvas 1800x1200 px; fully opaque complete review image; keep the fixed 3/4 top-down world perspective, reusable layer edges, and no UI text.","Do not copy any existing game, anime, movie, or named artist style. No photorealism, no combat, no weapons, no monsters, no aggressive expressions, no text baked into gameplay art, no harsh neon, no heavy black shadows, no random crop, no wrong perspective, no visible watermark."
batch_b_regions,region_layer,mountain_terrain_details,02_runtime_exports/regions/mountain/layers/mountain_terrain_details.png,1800x1200,True,"Warm low-saturation storybook 2D game art, fixed 3/4 top-down rural village view, clear readable silhouettes, soft hand-painted texture, clean outlines, modular assets, cozy countryside life simulation, no combat, no horror, no modern sci-fi HUD. Paint one modular region runtime layer for mountain_terrain_details; exact canvas 1800x1200 px; transparent background with clean alpha; keep the fixed 3/4 top-down world perspective, reusable layer edges, and no UI text.","Do not copy any existing game, anime, movie, or named artist style. No photorealism, no combat, no weapons, no monsters, no aggressive expressions, no text baked into gameplay art, no harsh neon, no heavy black shadows, no random crop, no wrong perspective, no visible watermark."
batch_b_regions,region_layer,mountain_behind_player_structures,02_runtime_exports/regions/mountain/layers/mountain_behind_player_structures.png,1800x1200,True,"Warm low-saturation storybook 2D game art, fixed 3/4 top-down rural village view, clear readable silhouettes, soft hand-painted texture, clean outlines, modular assets, cozy countryside life simulation, no combat, no horror, no modern sci-fi HUD. Paint one modular region runtime layer for mountain_behind_player_structures; exact canvas 1800x1200 px; transparent background with clean alpha; keep the fixed 3/4 top-down world perspective, reusable layer edges, and no UI text.","Do not copy any existing game, anime, movie, or named artist style. No photorealism, no combat, no weapons, no monsters, no aggressive expressions, no text baked into gameplay art, no harsh neon, no heavy black shadows, no random crop, no wrong perspective, no visible watermark."
batch_b_regions,region_layer,mountain_ysort_props_structures,02_runtime_exports/regions/mountain/layers/mountain_ysort_props_structures.png,1800x1200,True,"Warm low-saturation storybook 2D game art, fixed 3/4 top-down rural village view, clear readable silhouettes, soft hand-painted texture, clean outlines, modular assets, cozy countryside life simulation, no combat, no horror, no modern sci-fi HUD. Paint one modular region runtime layer for mountain_ysort_props_structures; exact canvas 1800x1200 px; transparent background with clean alpha; keep the fixed 3/4 top-down world perspective, reusable layer edges, and no UI text.","Do not copy any existing game, anime, movie, or named artist style. No photorealism, no combat, no weapons, no monsters, no aggressive expressions, no text baked into gameplay art, no harsh neon, no heavy black shadows, no random crop, no wrong perspective, no visible watermark."
batch_b_regions,region_layer,mountain_foreground_occlusion,02_runtime_exports/regions/mountain/layers/mountain_foreground_occlusion.png,1800x1200,True,"Warm low-saturation storybook 2D game art, fixed 3/4 top-down rural village view, clear readable silhouettes, soft hand-painted texture, clean outlines, modular assets, cozy countryside life simulation, no combat, no horror, no modern sci-fi HUD. Paint one modular region runtime layer for mountain_foreground_occlusion; exact canvas 1800x1200 px; transparent background with clean alpha; keep the fixed 3/4 top-down world perspective, reusable layer edges, and no UI text.","Do not copy any existing game, anime, movie, or named artist style. No photorealism, no combat, no weapons, no monsters, no aggressive expressions, no text baked into gameplay art, no harsh neon, no heavy black shadows, no random crop, no wrong perspective, no visible watermark."
batch_b_regions,region_layer,mountain_shadow_overlay,02_runtime_exports/regions/mountain/layers/mountain_shadow_overlay.png,1800x1200,True,"Warm low-saturation storybook 2D game art, fixed 3/4 top-down rural village view, clear readable silhouettes, soft hand-painted texture, clean outlines, modular assets, cozy countryside life simulation, no combat, no horror, no modern sci-fi HUD. Paint one modular region runtime layer for mountain_shadow_overlay; exact canvas 1800x1200 px; transparent background with clean alpha; keep the fixed 3/4 top-down world perspective, reusable layer edges, and no UI text.","Do not copy any existing game, anime, movie, or named artist style. No photorealism, no combat, no weapons, no monsters, no aggressive expressions, no text baked into gameplay art, no harsh neon, no heavy black shadows, no random crop, no wrong perspective, no visible watermark."
batch_b_regions,region_layer,mountain_light_weather_overlay_spring,02_runtime_exports/regions/mountain/layers/mountain_light_weather_overlay_spring.png,1800x1200,True,"Warm low-saturation storybook 2D game art, fixed 3/4 top-down rural village view, clear readable silhouettes, soft hand-painted texture, clean outlines, modular assets, cozy countryside life simulation, no combat, no horror, no modern sci-fi HUD. Paint one modular region runtime layer for mountain_light_weather_overlay_spring; exact canvas 1800x1200 px; transparent background with clean alpha; keep the fixed 3/4 top-down world perspective, reusable layer edges, and no UI text.","Do not copy any existing game, anime, movie, or named artist style. No photorealism, no combat, no weapons, no monsters, no aggressive expressions, no text baked into gameplay art, no harsh neon, no heavy black shadows, no random crop, no wrong perspective, no visible watermark."
batch_b_regions,region_layer,mountain_light_weather_overlay_summer,02_runtime_exports/regions/mountain/layers/mountain_light_weather_overlay_summer.png,1800x1200,True,"Warm low-saturation storybook 2D game art, fixed 3/4 top-down rural village view, clear readable silhouettes, soft hand-painted texture, clean outlines, modular assets, cozy countryside life simulation, no combat, no horror, no modern sci-fi HUD. Paint one modular region runtime layer for mountain_light_weather_overlay_summer; exact canvas 1800x1200 px; transparent background with clean alpha; keep the fixed 3/4 top-down world perspective, reusable layer edges, and no UI text.","Do not copy any existing game, anime, movie, or named artist style. No photorealism, no combat, no weapons, no monsters, no aggressive expressions, no text baked into gameplay art, no harsh neon, no heavy black shadows, no random crop, no wrong perspective, no visible watermark."
batch_b_regions,region_layer,mountain_light_weather_overlay_autumn,02_runtime_exports/regions/mountain/layers/mountain_light_weather_overlay_autumn.png,1800x1200,True,"Warm low-saturation storybook 2D game art, fixed 3/4 top-down rural village view, clear readable silhouettes, soft hand-painted texture, clean outlines, modular assets, cozy countryside life simulation, no combat, no horror, no modern sci-fi HUD. Paint one modular region runtime layer for mountain_light_weather_overlay_autumn; exact canvas 1800x1200 px; transparent background with clean alpha; keep the fixed 3/4 top-down world perspective, reusable layer edges, and no UI text.","Do not copy any existing game, anime, movie, or named artist style. No photorealism, no combat, no weapons, no monsters, no aggressive expressions, no text baked into gameplay art, no harsh neon, no heavy black shadows, no random crop, no wrong perspective, no visible watermark."
batch_b_regions,region_layer,mountain_light_weather_overlay_winter,02_runtime_exports/regions/mountain/layers/mountain_light_weather_overlay_winter.png,1800x1200,True,"Warm low-saturation storybook 2D game art, fixed 3/4 top-down rural village view, clear readable silhouettes, soft hand-painted texture, clean outlines, modular assets, cozy countryside life simulation, no combat, no horror, no modern sci-fi HUD. Paint one modular region runtime layer for mountain_light_weather_overlay_winter; exact canvas 1800x1200 px; transparent background with clean alpha; keep the fixed 3/4 top-down world perspective, reusable layer edges, and no UI text.","Do not copy any existing game, anime, movie, or named artist style. No photorealism, no combat, no weapons, no monsters, no aggressive expressions, no text baked into gameplay art, no harsh neon, no heavy black shadows, no random crop, no wrong perspective, no visible watermark."
batch_b_regions,region_mother,cliff_view_painted_source,01_mother_images/regions/cliff_view/cliff_view_painted_source.png,1500x1000,False,"Warm low-saturation storybook 2D game art, fixed 3/4 top-down rural village view, clear readable silhouettes, soft hand-painted texture, clean outlines, modular assets, cozy countryside life simulation, no combat, no horror, no modern sci-fi HUD. Paint a complete region source/review mother for cliff_view_painted_source; exact canvas 1500x1000 px; fully opaque complete review image; believable village-space layout, readable roads, props beside paths, no impossible overlaps.","Do not copy any existing game, anime, movie, or named artist style. No photorealism, no combat, no weapons, no monsters, no aggressive expressions, no text baked into gameplay art, no harsh neon, no heavy black shadows, no random crop, no wrong perspective, no visible watermark."
batch_b_regions,region_layer,cliff_view_base_ground,02_runtime_exports/regions/cliff_view/layers/cliff_view_base_ground.png,1500x1000,False,"Warm low-saturation storybook 2D game art, fixed 3/4 top-down rural village view, clear readable silhouettes, soft hand-painted texture, clean outlines, modular assets, cozy countryside life simulation, no combat, no horror, no modern sci-fi HUD. Paint one modular region runtime layer for cliff_view_base_ground; exact canvas 1500x1000 px; fully opaque complete review image; keep the fixed 3/4 top-down world perspective, reusable layer edges, and no UI text.","Do not copy any existing game, anime, movie, or named artist style. No photorealism, no combat, no weapons, no monsters, no aggressive expressions, no text baked into gameplay art, no harsh neon, no heavy black shadows, no random crop, no wrong perspective, no visible watermark."
batch_b_regions,region_layer,cliff_view_terrain_details,02_runtime_exports/regions/cliff_view/layers/cliff_view_terrain_details.png,1500x1000,True,"Warm low-saturation storybook 2D game art, fixed 3/4 top-down rural village view, clear readable silhouettes, soft hand-painted texture, clean outlines, modular assets, cozy countryside life simulation, no combat, no horror, no modern sci-fi HUD. Paint one modular region runtime layer for cliff_view_terrain_details; exact canvas 1500x1000 px; transparent background with clean alpha; keep the fixed 3/4 top-down world perspective, reusable layer edges, and no UI text.","Do not copy any existing game, anime, movie, or named artist style. No photorealism, no combat, no weapons, no monsters, no aggressive expressions, no text baked into gameplay art, no harsh neon, no heavy black shadows, no random crop, no wrong perspective, no visible watermark."
batch_b_regions,region_layer,cliff_view_behind_player_structures,02_runtime_exports/regions/cliff_view/layers/cliff_view_behind_player_structures.png,1500x1000,True,"Warm low-saturation storybook 2D game art, fixed 3/4 top-down rural village view, clear readable silhouettes, soft hand-painted texture, clean outlines, modular assets, cozy countryside life simulation, no combat, no horror, no modern sci-fi HUD. Paint one modular region runtime layer for cliff_view_behind_player_structures; exact canvas 1500x1000 px; transparent background with clean alpha; keep the fixed 3/4 top-down world perspective, reusable layer edges, and no UI text.","Do not copy any existing game, anime, movie, or named artist style. No photorealism, no combat, no weapons, no monsters, no aggressive expressions, no text baked into gameplay art, no harsh neon, no heavy black shadows, no random crop, no wrong perspective, no visible watermark."
batch_b_regions,region_layer,cliff_view_ysort_props_structures,02_runtime_exports/regions/cliff_view/layers/cliff_view_ysort_props_structures.png,1500x1000,True,"Warm low-saturation storybook 2D game art, fixed 3/4 top-down rural village view, clear readable silhouettes, soft hand-painted texture, clean outlines, modular assets, cozy countryside life simulation, no combat, no horror, no modern sci-fi HUD. Paint one modular region runtime layer for cliff_view_ysort_props_structures; exact canvas 1500x1000 px; transparent background with clean alpha; keep the fixed 3/4 top-down world perspective, reusable layer edges, and no UI text.","Do not copy any existing game, anime, movie, or named artist style. No photorealism, no combat, no weapons, no monsters, no aggressive expressions, no text baked into gameplay art, no harsh neon, no heavy black shadows, no random crop, no wrong perspective, no visible watermark."
batch_b_regions,region_layer,cliff_view_foreground_occlusion,02_runtime_exports/regions/cliff_view/layers/cliff_view_foreground_occlusion.png,1500x1000,True,"Warm low-saturation storybook 2D game art, fixed 3/4 top-down rural village view, clear readable silhouettes, soft hand-painted texture, clean outlines, modular assets, cozy countryside life simulation, no combat, no horror, no modern sci-fi HUD. Paint one modular region runtime layer for cliff_view_foreground_occlusion; exact canvas 1500x1000 px; transparent background with clean alpha; keep the fixed 3/4 top-down world perspective, reusable layer edges, and no UI text.","Do not copy any existing game, anime, movie, or named artist style. No photorealism, no combat, no weapons, no monsters, no aggressive expressions, no text baked into gameplay art, no harsh neon, no heavy black shadows, no random crop, no wrong perspective, no visible watermark."
batch_b_regions,region_layer,cliff_view_shadow_overlay,02_runtime_exports/regions/cliff_view/layers/cliff_view_shadow_overlay.png,1500x1000,True,"Warm low-saturation storybook 2D game art, fixed 3/4 top-down rural village view, clear readable silhouettes, soft hand-painted texture, clean outlines, modular assets, cozy countryside life simulation, no combat, no horror, no modern sci-fi HUD. Paint one modular region runtime layer for cliff_view_shadow_overlay; exact canvas 1500x1000 px; transparent background with clean alpha; keep the fixed 3/4 top-down world perspective, reusable layer edges, and no UI text.","Do not copy any existing game, anime, movie, or named artist style. No photorealism, no combat, no weapons, no monsters, no aggressive expressions, no text baked into gameplay art, no harsh neon, no heavy black shadows, no random crop, no wrong perspective, no visible watermark."
batch_b_regions,region_layer,cliff_view_light_weather_overlay_spring,02_runtime_exports/regions/cliff_view/layers/cliff_view_light_weather_overlay_spring.png,1500x1000,True,"Warm low-saturation storybook 2D game art, fixed 3/4 top-down rural village view, clear readable silhouettes, soft hand-painted texture, clean outlines, modular assets, cozy countryside life simulation, no combat, no horror, no modern sci-fi HUD. Paint one modular region runtime layer for cliff_view_light_weather_overlay_spring; exact canvas 1500x1000 px; transparent background with clean alpha; keep the fixed 3/4 top-down world perspective, reusable layer edges, and no UI text.","Do not copy any existing game, anime, movie, or named artist style. No photorealism, no combat, no weapons, no monsters, no aggressive expressions, no text baked into gameplay art, no harsh neon, no heavy black shadows, no random crop, no wrong perspective, no visible watermark."
batch_b_regions,region_layer,cliff_view_light_weather_overlay_summer,02_runtime_exports/regions/cliff_view/layers/cliff_view_light_weather_overlay_summer.png,1500x1000,True,"Warm low-saturation storybook 2D game art, fixed 3/4 top-down rural village view, clear readable silhouettes, soft hand-painted texture, clean outlines, modular assets, cozy countryside life simulation, no combat, no horror, no modern sci-fi HUD. Paint one modular region runtime layer for cliff_view_light_weather_overlay_summer; exact canvas 1500x1000 px; transparent background with clean alpha; keep the fixed 3/4 top-down world perspective, reusable layer edges, and no UI text.","Do not copy any existing game, anime, movie, or named artist style. No photorealism, no combat, no weapons, no monsters, no aggressive expressions, no text baked into gameplay art, no harsh neon, no heavy black shadows, no random crop, no wrong perspective, no visible watermark."
batch_b_regions,region_layer,cliff_view_light_weather_overlay_autumn,02_runtime_exports/regions/cliff_view/layers/cliff_view_light_weather_overlay_autumn.png,1500x1000,True,"Warm low-saturation storybook 2D game art, fixed 3/4 top-down rural village view, clear readable silhouettes, soft hand-painted texture, clean outlines, modular assets, cozy countryside life simulation, no combat, no horror, no modern sci-fi HUD. Paint one modular region runtime layer for cliff_view_light_weather_overlay_autumn; exact canvas 1500x1000 px; transparent background with clean alpha; keep the fixed 3/4 top-down world perspective, reusable layer edges, and no UI text.","Do not copy any existing game, anime, movie, or named artist style. No photorealism, no combat, no weapons, no monsters, no aggressive expressions, no text baked into gameplay art, no harsh neon, no heavy black shadows, no random crop, no wrong perspective, no visible watermark."
batch_b_regions,region_layer,cliff_view_light_weather_overlay_winter,02_runtime_exports/regions/cliff_view/layers/cliff_view_light_weather_overlay_winter.png,1500x1000,True,"Warm low-saturation storybook 2D game art, fixed 3/4 top-down rural village view, clear readable silhouettes, soft hand-painted texture, clean outlines, modular assets, cozy countryside life simulation, no combat, no horror, no modern sci-fi HUD. Paint one modular region runtime layer for cliff_view_light_weather_overlay_winter; exact canvas 1500x1000 px; transparent background with clean alpha; keep the fixed 3/4 top-down world perspective, reusable layer edges, and no UI text.","Do not copy any existing game, anime, movie, or named artist style. No photorealism, no combat, no weapons, no monsters, no aggressive expressions, no text baked into gameplay art, no harsh neon, no heavy black shadows, no random crop, no wrong perspective, no visible watermark."
batch_c_characters,character,player_idle_down,02_runtime_exports/characters/player/chr_player_base_idle_down_128.png,128x128,True,"Warm low-saturation storybook 2D game art, fixed 3/4 top-down rural village view, clear readable silhouettes, soft hand-painted texture, clean outlines, modular assets, cozy countryside life simulation, no combat, no horror, no modern sci-fi HUD. Create compact 3.5 to 4-head gameplay character sprite asset for player_idle_down; exact canvas 128x128 px; transparent background with clean alpha; stable foot anchor, simple rounded shapes, readable at small size.","Do not copy any existing game, anime, movie, or named artist style. No photorealism, no combat, no weapons, no monsters, no aggressive expressions, no text baked into gameplay art, no harsh neon, no heavy black shadows, no random crop, no wrong perspective, no visible watermark."
batch_c_characters,character,player_idle_down_right,02_runtime_exports/characters/player/chr_player_base_idle_down_right_128.png,128x128,True,"Warm low-saturation storybook 2D game art, fixed 3/4 top-down rural village view, clear readable silhouettes, soft hand-painted texture, clean outlines, modular assets, cozy countryside life simulation, no combat, no horror, no modern sci-fi HUD. Create compact 3.5 to 4-head gameplay character sprite asset for player_idle_down_right; exact canvas 128x128 px; transparent background with clean alpha; stable foot anchor, simple rounded shapes, readable at small size.","Do not copy any existing game, anime, movie, or named artist style. No photorealism, no combat, no weapons, no monsters, no aggressive expressions, no text baked into gameplay art, no harsh neon, no heavy black shadows, no random crop, no wrong perspective, no visible watermark."
batch_c_characters,character,player_idle_right,02_runtime_exports/characters/player/chr_player_base_idle_right_128.png,128x128,True,"Warm low-saturation storybook 2D game art, fixed 3/4 top-down rural village view, clear readable silhouettes, soft hand-painted texture, clean outlines, modular assets, cozy countryside life simulation, no combat, no horror, no modern sci-fi HUD. Create compact 3.5 to 4-head gameplay character sprite asset for player_idle_right; exact canvas 128x128 px; transparent background with clean alpha; stable foot anchor, simple rounded shapes, readable at small size.","Do not copy any existing game, anime, movie, or named artist style. No photorealism, no combat, no weapons, no monsters, no aggressive expressions, no text baked into gameplay art, no harsh neon, no heavy black shadows, no random crop, no wrong perspective, no visible watermark."
batch_c_characters,character,player_idle_up_right,02_runtime_exports/characters/player/chr_player_base_idle_up_right_128.png,128x128,True,"Warm low-saturation storybook 2D game art, fixed 3/4 top-down rural village view, clear readable silhouettes, soft hand-painted texture, clean outlines, modular assets, cozy countryside life simulation, no combat, no horror, no modern sci-fi HUD. Create compact 3.5 to 4-head gameplay character sprite asset for player_idle_up_right; exact canvas 128x128 px; transparent background with clean alpha; stable foot anchor, simple rounded shapes, readable at small size.","Do not copy any existing game, anime, movie, or named artist style. No photorealism, no combat, no weapons, no monsters, no aggressive expressions, no text baked into gameplay art, no harsh neon, no heavy black shadows, no random crop, no wrong perspective, no visible watermark."
batch_c_characters,character,player_idle_up,02_runtime_exports/characters/player/chr_player_base_idle_up_128.png,128x128,True,"Warm low-saturation storybook 2D game art, fixed 3/4 top-down rural village view, clear readable silhouettes, soft hand-painted texture, clean outlines, modular assets, cozy countryside life simulation, no combat, no horror, no modern sci-fi HUD. Create compact 3.5 to 4-head gameplay character sprite asset for player_idle_up; exact canvas 128x128 px; transparent background with clean alpha; stable foot anchor, simple rounded shapes, readable at small size.","Do not copy any existing game, anime, movie, or named artist style. No photorealism, no combat, no weapons, no monsters, no aggressive expressions, no text baked into gameplay art, no harsh neon, no heavy black shadows, no random crop, no wrong perspective, no visible watermark."
batch_c_characters,character,player_idle_up_left,02_runtime_exports/characters/player/chr_player_base_idle_up_left_128.png,128x128,True,"Warm low-saturation storybook 2D game art, fixed 3/4 top-down rural village view, clear readable silhouettes, soft hand-painted texture, clean outlines, modular assets, cozy countryside life simulation, no combat, no horror, no modern sci-fi HUD. Create compact 3.5 to 4-head gameplay character sprite asset for player_idle_up_left; exact canvas 128x128 px; transparent background with clean alpha; stable foot anchor, simple rounded shapes, readable at small size.","Do not copy any existing game, anime, movie, or named artist style. No photorealism, no combat, no weapons, no monsters, no aggressive expressions, no text baked into gameplay art, no harsh neon, no heavy black shadows, no random crop, no wrong perspective, no visible watermark."
batch_c_characters,character,player_idle_left,02_runtime_exports/characters/player/chr_player_base_idle_left_128.png,128x128,True,"Warm low-saturation storybook 2D game art, fixed 3/4 top-down rural village view, clear readable silhouettes, soft hand-painted texture, clean outlines, modular assets, cozy countryside life simulation, no combat, no horror, no modern sci-fi HUD. Create compact 3.5 to 4-head gameplay character sprite asset for player_idle_left; exact canvas 128x128 px; transparent background with clean alpha; stable foot anchor, simple rounded shapes, readable at small size.","Do not copy any existing game, anime, movie, or named artist style. No photorealism, no combat, no weapons, no monsters, no aggressive expressions, no text baked into gameplay art, no harsh neon, no heavy black shadows, no random crop, no wrong perspective, no visible watermark."
batch_c_characters,character,player_idle_down_left,02_runtime_exports/characters/player/chr_player_base_idle_down_left_128.png,128x128,True,"Warm low-saturation storybook 2D game art, fixed 3/4 top-down rural village view, clear readable silhouettes, soft hand-painted texture, clean outlines, modular assets, cozy countryside life simulation, no combat, no horror, no modern sci-fi HUD. Create compact 3.5 to 4-head gameplay character sprite asset for player_idle_down_left; exact canvas 128x128 px; transparent background with clean alpha; stable foot anchor, simple rounded shapes, readable at small size.","Do not copy any existing game, anime, movie, or named artist style. No photorealism, no combat, no weapons, no monsters, no aggressive expressions, no text baked into gameplay art, no harsh neon, no heavy black shadows, no random crop, no wrong perspective, no visible watermark."
batch_c_characters,character,player_walk_down,02_runtime_exports/characters/player/chr_player_base_walk_down_4x128.png,512x128,True,"Warm low-saturation storybook 2D game art, fixed 3/4 top-down rural village view, clear readable silhouettes, soft hand-painted texture, clean outlines, modular assets, cozy countryside life simulation, no combat, no horror, no modern sci-fi HUD. Create compact 3.5 to 4-head gameplay character sprite asset for player_walk_down; exact canvas 512x128 px; transparent background with clean alpha; stable foot anchor, simple rounded shapes, readable at small size.","Do not copy any existing game, anime, movie, or named artist style. No photorealism, no combat, no weapons, no monsters, no aggressive expressions, no text baked into gameplay art, no harsh neon, no heavy black shadows, no random crop, no wrong perspective, no visible watermark."
batch_c_characters,character,player_walk_down_right,02_runtime_exports/characters/player/chr_player_base_walk_down_right_4x128.png,512x128,True,"Warm low-saturation storybook 2D game art, fixed 3/4 top-down rural village view, clear readable silhouettes, soft hand-painted texture, clean outlines, modular assets, cozy countryside life simulation, no combat, no horror, no modern sci-fi HUD. Create compact 3.5 to 4-head gameplay character sprite asset for player_walk_down_right; exact canvas 512x128 px; transparent background with clean alpha; stable foot anchor, simple rounded shapes, readable at small size.","Do not copy any existing game, anime, movie, or named artist style. No photorealism, no combat, no weapons, no monsters, no aggressive expressions, no text baked into gameplay art, no harsh neon, no heavy black shadows, no random crop, no wrong perspective, no visible watermark."
batch_c_characters,character,player_walk_right,02_runtime_exports/characters/player/chr_player_base_walk_right_4x128.png,512x128,True,"Warm low-saturation storybook 2D game art, fixed 3/4 top-down rural village view, clear readable silhouettes, soft hand-painted texture, clean outlines, modular assets, cozy countryside life simulation, no combat, no horror, no modern sci-fi HUD. Create compact 3.5 to 4-head gameplay character sprite asset for player_walk_right; exact canvas 512x128 px; transparent background with clean alpha; stable foot anchor, simple rounded shapes, readable at small size.","Do not copy any existing game, anime, movie, or named artist style. No photorealism, no combat, no weapons, no monsters, no aggressive expressions, no text baked into gameplay art, no harsh neon, no heavy black shadows, no random crop, no wrong perspective, no visible watermark."
batch_c_characters,character,player_walk_up_right,02_runtime_exports/characters/player/chr_player_base_walk_up_right_4x128.png,512x128,True,"Warm low-saturation storybook 2D game art, fixed 3/4 top-down rural village view, clear readable silhouettes, soft hand-painted texture, clean outlines, modular assets, cozy countryside life simulation, no combat, no horror, no modern sci-fi HUD. Create compact 3.5 to 4-head gameplay character sprite asset for player_walk_up_right; exact canvas 512x128 px; transparent background with clean alpha; stable foot anchor, simple rounded shapes, readable at small size.","Do not copy any existing game, anime, movie, or named artist style. No photorealism, no combat, no weapons, no monsters, no aggressive expressions, no text baked into gameplay art, no harsh neon, no heavy black shadows, no random crop, no wrong perspective, no visible watermark."
batch_c_characters,character,player_walk_up,02_runtime_exports/characters/player/chr_player_base_walk_up_4x128.png,512x128,True,"Warm low-saturation storybook 2D game art, fixed 3/4 top-down rural village view, clear readable silhouettes, soft hand-painted texture, clean outlines, modular assets, cozy countryside life simulation, no combat, no horror, no modern sci-fi HUD. Create compact 3.5 to 4-head gameplay character sprite asset for player_walk_up; exact canvas 512x128 px; transparent background with clean alpha; stable foot anchor, simple rounded shapes, readable at small size.","Do not copy any existing game, anime, movie, or named artist style. No photorealism, no combat, no weapons, no monsters, no aggressive expressions, no text baked into gameplay art, no harsh neon, no heavy black shadows, no random crop, no wrong perspective, no visible watermark."
batch_c_characters,character,player_walk_up_left,02_runtime_exports/characters/player/chr_player_base_walk_up_left_4x128.png,512x128,True,"Warm low-saturation storybook 2D game art, fixed 3/4 top-down rural village view, clear readable silhouettes, soft hand-painted texture, clean outlines, modular assets, cozy countryside life simulation, no combat, no horror, no modern sci-fi HUD. Create compact 3.5 to 4-head gameplay character sprite asset for player_walk_up_left; exact canvas 512x128 px; transparent background with clean alpha; stable foot anchor, simple rounded shapes, readable at small size.","Do not copy any existing game, anime, movie, or named artist style. No photorealism, no combat, no weapons, no monsters, no aggressive expressions, no text baked into gameplay art, no harsh neon, no heavy black shadows, no random crop, no wrong perspective, no visible watermark."
batch_c_characters,character,player_walk_left,02_runtime_exports/characters/player/chr_player_base_walk_left_4x128.png,512x128,True,"Warm low-saturation storybook 2D game art, fixed 3/4 top-down rural village view, clear readable silhouettes, soft hand-painted texture, clean outlines, modular assets, cozy countryside life simulation, no combat, no horror, no modern sci-fi HUD. Create compact 3.5 to 4-head gameplay character sprite asset for player_walk_left; exact canvas 512x128 px; transparent background with clean alpha; stable foot anchor, simple rounded shapes, readable at small size.","Do not copy any existing game, anime, movie, or named artist style. No photorealism, no combat, no weapons, no monsters, no aggressive expressions, no text baked into gameplay art, no harsh neon, no heavy black shadows, no random crop, no wrong perspective, no visible watermark."
batch_c_characters,character,player_walk_down_left,02_runtime_exports/characters/player/chr_player_base_walk_down_left_4x128.png,512x128,True,"Warm low-saturation storybook 2D game art, fixed 3/4 top-down rural village view, clear readable silhouettes, soft hand-painted texture, clean outlines, modular assets, cozy countryside life simulation, no combat, no horror, no modern sci-fi HUD. Create compact 3.5 to 4-head gameplay character sprite asset for player_walk_down_left; exact canvas 512x128 px; transparent background with clean alpha; stable foot anchor, simple rounded shapes, readable at small size.","Do not copy any existing game, anime, movie, or named artist style. No photorealism, no combat, no weapons, no monsters, no aggressive expressions, no text baked into gameplay art, no harsh neon, no heavy black shadows, no random crop, no wrong perspective, no visible watermark."
batch_c_characters,character,player_interact_down,02_runtime_exports/characters/player/chr_player_base_interact_down_4x128.png,512x128,True,"Warm low-saturation storybook 2D game art, fixed 3/4 top-down rural village view, clear readable silhouettes, soft hand-painted texture, clean outlines, modular assets, cozy countryside life simulation, no combat, no horror, no modern sci-fi HUD. Create compact 3.5 to 4-head gameplay character sprite asset for player_interact_down; exact canvas 512x128 px; transparent background with clean alpha; stable foot anchor, simple rounded shapes, readable at small size.","Do not copy any existing game, anime, movie, or named artist style. No photorealism, no combat, no weapons, no monsters, no aggressive expressions, no text baked into gameplay art, no harsh neon, no heavy black shadows, no random crop, no wrong perspective, no visible watermark."
batch_c_characters,character,player_interact_down_right,02_runtime_exports/characters/player/chr_player_base_interact_down_right_4x128.png,512x128,True,"Warm low-saturation storybook 2D game art, fixed 3/4 top-down rural village view, clear readable silhouettes, soft hand-painted texture, clean outlines, modular assets, cozy countryside life simulation, no combat, no horror, no modern sci-fi HUD. Create compact 3.5 to 4-head gameplay character sprite asset for player_interact_down_right; exact canvas 512x128 px; transparent background with clean alpha; stable foot anchor, simple rounded shapes, readable at small size.","Do not copy any existing game, anime, movie, or named artist style. No photorealism, no combat, no weapons, no monsters, no aggressive expressions, no text baked into gameplay art, no harsh neon, no heavy black shadows, no random crop, no wrong perspective, no visible watermark."
batch_c_characters,character,player_interact_right,02_runtime_exports/characters/player/chr_player_base_interact_right_4x128.png,512x128,True,"Warm low-saturation storybook 2D game art, fixed 3/4 top-down rural village view, clear readable silhouettes, soft hand-painted texture, clean outlines, modular assets, cozy countryside life simulation, no combat, no horror, no modern sci-fi HUD. Create compact 3.5 to 4-head gameplay character sprite asset for player_interact_right; exact canvas 512x128 px; transparent background with clean alpha; stable foot anchor, simple rounded shapes, readable at small size.","Do not copy any existing game, anime, movie, or named artist style. No photorealism, no combat, no weapons, no monsters, no aggressive expressions, no text baked into gameplay art, no harsh neon, no heavy black shadows, no random crop, no wrong perspective, no visible watermark."
batch_c_characters,character,player_interact_up_right,02_runtime_exports/characters/player/chr_player_base_interact_up_right_4x128.png,512x128,True,"Warm low-saturation storybook 2D game art, fixed 3/4 top-down rural village view, clear readable silhouettes, soft hand-painted texture, clean outlines, modular assets, cozy countryside life simulation, no combat, no horror, no modern sci-fi HUD. Create compact 3.5 to 4-head gameplay character sprite asset for player_interact_up_right; exact canvas 512x128 px; transparent background with clean alpha; stable foot anchor, simple rounded shapes, readable at small size.","Do not copy any existing game, anime, movie, or named artist style. No photorealism, no combat, no weapons, no monsters, no aggressive expressions, no text baked into gameplay art, no harsh neon, no heavy black shadows, no random crop, no wrong perspective, no visible watermark."
batch_c_characters,character,player_interact_up,02_runtime_exports/characters/player/chr_player_base_interact_up_4x128.png,512x128,True,"Warm low-saturation storybook 2D game art, fixed 3/4 top-down rural village view, clear readable silhouettes, soft hand-painted texture, clean outlines, modular assets, cozy countryside life simulation, no combat, no horror, no modern sci-fi HUD. Create compact 3.5 to 4-head gameplay character sprite asset for player_interact_up; exact canvas 512x128 px; transparent background with clean alpha; stable foot anchor, simple rounded shapes, readable at small size.","Do not copy any existing game, anime, movie, or named artist style. No photorealism, no combat, no weapons, no monsters, no aggressive expressions, no text baked into gameplay art, no harsh neon, no heavy black shadows, no random crop, no wrong perspective, no visible watermark."
batch_c_characters,character,player_interact_up_left,02_runtime_exports/characters/player/chr_player_base_interact_up_left_4x128.png,512x128,True,"Warm low-saturation storybook 2D game art, fixed 3/4 top-down rural village view, clear readable silhouettes, soft hand-painted texture, clean outlines, modular assets, cozy countryside life simulation, no combat, no horror, no modern sci-fi HUD. Create compact 3.5 to 4-head gameplay character sprite asset for player_interact_up_left; exact canvas 512x128 px; transparent background with clean alpha; stable foot anchor, simple rounded shapes, readable at small size.","Do not copy any existing game, anime, movie, or named artist style. No photorealism, no combat, no weapons, no monsters, no aggressive expressions, no text baked into gameplay art, no harsh neon, no heavy black shadows, no random crop, no wrong perspective, no visible watermark."
batch_c_characters,character,player_interact_left,02_runtime_exports/characters/player/chr_player_base_interact_left_4x128.png,512x128,True,"Warm low-saturation storybook 2D game art, fixed 3/4 top-down rural village view, clear readable silhouettes, soft hand-painted texture, clean outlines, modular assets, cozy countryside life simulation, no combat, no horror, no modern sci-fi HUD. Create compact 3.5 to 4-head gameplay character sprite asset for player_interact_left; exact canvas 512x128 px; transparent background with clean alpha; stable foot anchor, simple rounded shapes, readable at small size.","Do not copy any existing game, anime, movie, or named artist style. No photorealism, no combat, no weapons, no monsters, no aggressive expressions, no text baked into gameplay art, no harsh neon, no heavy black shadows, no random crop, no wrong perspective, no visible watermark."
batch_c_characters,character,player_interact_down_left,02_runtime_exports/characters/player/chr_player_base_interact_down_left_4x128.png,512x128,True,"Warm low-saturation storybook 2D game art, fixed 3/4 top-down rural village view, clear readable silhouettes, soft hand-painted texture, clean outlines, modular assets, cozy countryside life simulation, no combat, no horror, no modern sci-fi HUD. Create compact 3.5 to 4-head gameplay character sprite asset for player_interact_down_left; exact canvas 512x128 px; transparent background with clean alpha; stable foot anchor, simple rounded shapes, readable at small size.","Do not copy any existing game, anime, movie, or named artist style. No photorealism, no combat, no weapons, no monsters, no aggressive expressions, no text baked into gameplay art, no harsh neon, no heavy black shadows, no random crop, no wrong perspective, no visible watermark."
batch_c_characters,character,player_water_down,02_runtime_exports/characters/player/chr_player_base_water_down_4x128.png,512x128,True,"Warm low-saturation storybook 2D game art, fixed 3/4 top-down rural village view, clear readable silhouettes, soft hand-painted texture, clean outlines, modular assets, cozy countryside life simulation, no combat, no horror, no modern sci-fi HUD. Create compact 3.5 to 4-head gameplay character sprite asset for player_water_down; exact canvas 512x128 px; transparent background with clean alpha; stable foot anchor, simple rounded shapes, readable at small size.","Do not copy any existing game, anime, movie, or named artist style. No photorealism, no combat, no weapons, no monsters, no aggressive expressions, no text baked into gameplay art, no harsh neon, no heavy black shadows, no random crop, no wrong perspective, no visible watermark."
batch_c_characters,character,player_water_down_right,02_runtime_exports/characters/player/chr_player_base_water_down_right_4x128.png,512x128,True,"Warm low-saturation storybook 2D game art, fixed 3/4 top-down rural village view, clear readable silhouettes, soft hand-painted texture, clean outlines, modular assets, cozy countryside life simulation, no combat, no horror, no modern sci-fi HUD. Create compact 3.5 to 4-head gameplay character sprite asset for player_water_down_right; exact canvas 512x128 px; transparent background with clean alpha; stable foot anchor, simple rounded shapes, readable at small size.","Do not copy any existing game, anime, movie, or named artist style. No photorealism, no combat, no weapons, no monsters, no aggressive expressions, no text baked into gameplay art, no harsh neon, no heavy black shadows, no random crop, no wrong perspective, no visible watermark."
batch_c_characters,character,player_water_right,02_runtime_exports/characters/player/chr_player_base_water_right_4x128.png,512x128,True,"Warm low-saturation storybook 2D game art, fixed 3/4 top-down rural village view, clear readable silhouettes, soft hand-painted texture, clean outlines, modular assets, cozy countryside life simulation, no combat, no horror, no modern sci-fi HUD. Create compact 3.5 to 4-head gameplay character sprite asset for player_water_right; exact canvas 512x128 px; transparent background with clean alpha; stable foot anchor, simple rounded shapes, readable at small size.","Do not copy any existing game, anime, movie, or named artist style. No photorealism, no combat, no weapons, no monsters, no aggressive expressions, no text baked into gameplay art, no harsh neon, no heavy black shadows, no random crop, no wrong perspective, no visible watermark."
batch_c_characters,character,player_water_up_right,02_runtime_exports/characters/player/chr_player_base_water_up_right_4x128.png,512x128,True,"Warm low-saturation storybook 2D game art, fixed 3/4 top-down rural village view, clear readable silhouettes, soft hand-painted texture, clean outlines, modular assets, cozy countryside life simulation, no combat, no horror, no modern sci-fi HUD. Create compact 3.5 to 4-head gameplay character sprite asset for player_water_up_right; exact canvas 512x128 px; transparent background with clean alpha; stable foot anchor, simple rounded shapes, readable at small size.","Do not copy any existing game, anime, movie, or named artist style. No photorealism, no combat, no weapons, no monsters, no aggressive expressions, no text baked into gameplay art, no harsh neon, no heavy black shadows, no random crop, no wrong perspective, no visible watermark."
batch_c_characters,character,player_water_up,02_runtime_exports/characters/player/chr_player_base_water_up_4x128.png,512x128,True,"Warm low-saturation storybook 2D game art, fixed 3/4 top-down rural village view, clear readable silhouettes, soft hand-painted texture, clean outlines, modular assets, cozy countryside life simulation, no combat, no horror, no modern sci-fi HUD. Create compact 3.5 to 4-head gameplay character sprite asset for player_water_up; exact canvas 512x128 px; transparent background with clean alpha; stable foot anchor, simple rounded shapes, readable at small size.","Do not copy any existing game, anime, movie, or named artist style. No photorealism, no combat, no weapons, no monsters, no aggressive expressions, no text baked into gameplay art, no harsh neon, no heavy black shadows, no random crop, no wrong perspective, no visible watermark."
batch_c_characters,character,player_water_up_left,02_runtime_exports/characters/player/chr_player_base_water_up_left_4x128.png,512x128,True,"Warm low-saturation storybook 2D game art, fixed 3/4 top-down rural village view, clear readable silhouettes, soft hand-painted texture, clean outlines, modular assets, cozy countryside life simulation, no combat, no horror, no modern sci-fi HUD. Create compact 3.5 to 4-head gameplay character sprite asset for player_water_up_left; exact canvas 512x128 px; transparent background with clean alpha; stable foot anchor, simple rounded shapes, readable at small size.","Do not copy any existing game, anime, movie, or named artist style. No photorealism, no combat, no weapons, no monsters, no aggressive expressions, no text baked into gameplay art, no harsh neon, no heavy black shadows, no random crop, no wrong perspective, no visible watermark."
batch_c_characters,character,player_water_left,02_runtime_exports/characters/player/chr_player_base_water_left_4x128.png,512x128,True,"Warm low-saturation storybook 2D game art, fixed 3/4 top-down rural village view, clear readable silhouettes, soft hand-painted texture, clean outlines, modular assets, cozy countryside life simulation, no combat, no horror, no modern sci-fi HUD. Create compact 3.5 to 4-head gameplay character sprite asset for player_water_left; exact canvas 512x128 px; transparent background with clean alpha; stable foot anchor, simple rounded shapes, readable at small size.","Do not copy any existing game, anime, movie, or named artist style. No photorealism, no combat, no weapons, no monsters, no aggressive expressions, no text baked into gameplay art, no harsh neon, no heavy black shadows, no random crop, no wrong perspective, no visible watermark."
batch_c_characters,character,player_water_down_left,02_runtime_exports/characters/player/chr_player_base_water_down_left_4x128.png,512x128,True,"Warm low-saturation storybook 2D game art, fixed 3/4 top-down rural village view, clear readable silhouettes, soft hand-painted texture, clean outlines, modular assets, cozy countryside life simulation, no combat, no horror, no modern sci-fi HUD. Create compact 3.5 to 4-head gameplay character sprite asset for player_water_down_left; exact canvas 512x128 px; transparent background with clean alpha; stable foot anchor, simple rounded shapes, readable at small size.","Do not copy any existing game, anime, movie, or named artist style. No photorealism, no combat, no weapons, no monsters, no aggressive expressions, no text baked into gameplay art, no harsh neon, no heavy black shadows, no random crop, no wrong perspective, no visible watermark."
batch_c_characters,character,player_pickup_down,02_runtime_exports/characters/player/chr_player_base_pickup_down_4x128.png,512x128,True,"Warm low-saturation storybook 2D game art, fixed 3/4 top-down rural village view, clear readable silhouettes, soft hand-painted texture, clean outlines, modular assets, cozy countryside life simulation, no combat, no horror, no modern sci-fi HUD. Create compact 3.5 to 4-head gameplay character sprite asset for player_pickup_down; exact canvas 512x128 px; transparent background with clean alpha; stable foot anchor, simple rounded shapes, readable at small size.","Do not copy any existing game, anime, movie, or named artist style. No photorealism, no combat, no weapons, no monsters, no aggressive expressions, no text baked into gameplay art, no harsh neon, no heavy black shadows, no random crop, no wrong perspective, no visible watermark."
batch_c_characters,character,player_pickup_down_right,02_runtime_exports/characters/player/chr_player_base_pickup_down_right_4x128.png,512x128,True,"Warm low-saturation storybook 2D game art, fixed 3/4 top-down rural village view, clear readable silhouettes, soft hand-painted texture, clean outlines, modular assets, cozy countryside life simulation, no combat, no horror, no modern sci-fi HUD. Create compact 3.5 to 4-head gameplay character sprite asset for player_pickup_down_right; exact canvas 512x128 px; transparent background with clean alpha; stable foot anchor, simple rounded shapes, readable at small size.","Do not copy any existing game, anime, movie, or named artist style. No photorealism, no combat, no weapons, no monsters, no aggressive expressions, no text baked into gameplay art, no harsh neon, no heavy black shadows, no random crop, no wrong perspective, no visible watermark."
batch_c_characters,character,player_pickup_right,02_runtime_exports/characters/player/chr_player_base_pickup_right_4x128.png,512x128,True,"Warm low-saturation storybook 2D game art, fixed 3/4 top-down rural village view, clear readable silhouettes, soft hand-painted texture, clean outlines, modular assets, cozy countryside life simulation, no combat, no horror, no modern sci-fi HUD. Create compact 3.5 to 4-head gameplay character sprite asset for player_pickup_right; exact canvas 512x128 px; transparent background with clean alpha; stable foot anchor, simple rounded shapes, readable at small size.","Do not copy any existing game, anime, movie, or named artist style. No photorealism, no combat, no weapons, no monsters, no aggressive expressions, no text baked into gameplay art, no harsh neon, no heavy black shadows, no random crop, no wrong perspective, no visible watermark."
batch_c_characters,character,player_pickup_up_right,02_runtime_exports/characters/player/chr_player_base_pickup_up_right_4x128.png,512x128,True,"Warm low-saturation storybook 2D game art, fixed 3/4 top-down rural village view, clear readable silhouettes, soft hand-painted texture, clean outlines, modular assets, cozy countryside life simulation, no combat, no horror, no modern sci-fi HUD. Create compact 3.5 to 4-head gameplay character sprite asset for player_pickup_up_right; exact canvas 512x128 px; transparent background with clean alpha; stable foot anchor, simple rounded shapes, readable at small size.","Do not copy any existing game, anime, movie, or named artist style. No photorealism, no combat, no weapons, no monsters, no aggressive expressions, no text baked into gameplay art, no harsh neon, no heavy black shadows, no random crop, no wrong perspective, no visible watermark."
batch_c_characters,character,player_pickup_up,02_runtime_exports/characters/player/chr_player_base_pickup_up_4x128.png,512x128,True,"Warm low-saturation storybook 2D game art, fixed 3/4 top-down rural village view, clear readable silhouettes, soft hand-painted texture, clean outlines, modular assets, cozy countryside life simulation, no combat, no horror, no modern sci-fi HUD. Create compact 3.5 to 4-head gameplay character sprite asset for player_pickup_up; exact canvas 512x128 px; transparent background with clean alpha; stable foot anchor, simple rounded shapes, readable at small size.","Do not copy any existing game, anime, movie, or named artist style. No photorealism, no combat, no weapons, no monsters, no aggressive expressions, no text baked into gameplay art, no harsh neon, no heavy black shadows, no random crop, no wrong perspective, no visible watermark."
batch_c_characters,character,player_pickup_up_left,02_runtime_exports/characters/player/chr_player_base_pickup_up_left_4x128.png,512x128,True,"Warm low-saturation storybook 2D game art, fixed 3/4 top-down rural village view, clear readable silhouettes, soft hand-painted texture, clean outlines, modular assets, cozy countryside life simulation, no combat, no horror, no modern sci-fi HUD. Create compact 3.5 to 4-head gameplay character sprite asset for player_pickup_up_left; exact canvas 512x128 px; transparent background with clean alpha; stable foot anchor, simple rounded shapes, readable at small size.","Do not copy any existing game, anime, movie, or named artist style. No photorealism, no combat, no weapons, no monsters, no aggressive expressions, no text baked into gameplay art, no harsh neon, no heavy black shadows, no random crop, no wrong perspective, no visible watermark."
batch_c_characters,character,player_pickup_left,02_runtime_exports/characters/player/chr_player_base_pickup_left_4x128.png,512x128,True,"Warm low-saturation storybook 2D game art, fixed 3/4 top-down rural village view, clear readable silhouettes, soft hand-painted texture, clean outlines, modular assets, cozy countryside life simulation, no combat, no horror, no modern sci-fi HUD. Create compact 3.5 to 4-head gameplay character sprite asset for player_pickup_left; exact canvas 512x128 px; transparent background with clean alpha; stable foot anchor, simple rounded shapes, readable at small size.","Do not copy any existing game, anime, movie, or named artist style. No photorealism, no combat, no weapons, no monsters, no aggressive expressions, no text baked into gameplay art, no harsh neon, no heavy black shadows, no random crop, no wrong perspective, no visible watermark."
batch_c_characters,character,player_pickup_down_left,02_runtime_exports/characters/player/chr_player_base_pickup_down_left_4x128.png,512x128,True,"Warm low-saturation storybook 2D game art, fixed 3/4 top-down rural village view, clear readable silhouettes, soft hand-painted texture, clean outlines, modular assets, cozy countryside life simulation, no combat, no horror, no modern sci-fi HUD. Create compact 3.5 to 4-head gameplay character sprite asset for player_pickup_down_left; exact canvas 512x128 px; transparent background with clean alpha; stable foot anchor, simple rounded shapes, readable at small size.","Do not copy any existing game, anime, movie, or named artist style. No photorealism, no combat, no weapons, no monsters, no aggressive expressions, no text baked into gameplay art, no harsh neon, no heavy black shadows, no random crop, no wrong perspective, no visible watermark."
batch_c_characters,character,npc_aoi_idle_down,02_runtime_exports/characters/npc/npc_aoi_idle_down_128.png,128x128,True,"Warm low-saturation storybook 2D game art, fixed 3/4 top-down rural village view, clear readable silhouettes, soft hand-painted texture, clean outlines, modular assets, cozy countryside life simulation, no combat, no horror, no modern sci-fi HUD. Create compact 3.5 to 4-head gameplay character sprite asset for npc_aoi_idle_down; exact canvas 128x128 px; transparent background with clean alpha; stable foot anchor, simple rounded shapes, readable at small size.","Do not copy any existing game, anime, movie, or named artist style. No photorealism, no combat, no weapons, no monsters, no aggressive expressions, no text baked into gameplay art, no harsh neon, no heavy black shadows, no random crop, no wrong perspective, no visible watermark."
batch_c_characters,character,npc_aoi_walk_down,02_runtime_exports/characters/npc/npc_aoi_walk_down_4x128.png,512x128,True,"Warm low-saturation storybook 2D game art, fixed 3/4 top-down rural village view, clear readable silhouettes, soft hand-painted texture, clean outlines, modular assets, cozy countryside life simulation, no combat, no horror, no modern sci-fi HUD. Create compact 3.5 to 4-head gameplay character sprite asset for npc_aoi_walk_down; exact canvas 512x128 px; transparent background with clean alpha; stable foot anchor, simple rounded shapes, readable at small size.","Do not copy any existing game, anime, movie, or named artist style. No photorealism, no combat, no weapons, no monsters, no aggressive expressions, no text baked into gameplay art, no harsh neon, no heavy black shadows, no random crop, no wrong perspective, no visible watermark."
batch_c_characters,character,npc_aoi_idle_down_right,02_runtime_exports/characters/npc/npc_aoi_idle_down_right_128.png,128x128,True,"Warm low-saturation storybook 2D game art, fixed 3/4 top-down rural village view, clear readable silhouettes, soft hand-painted texture, clean outlines, modular assets, cozy countryside life simulation, no combat, no horror, no modern sci-fi HUD. Create compact 3.5 to 4-head gameplay character sprite asset for npc_aoi_idle_down_right; exact canvas 128x128 px; transparent background with clean alpha; stable foot anchor, simple rounded shapes, readable at small size.","Do not copy any existing game, anime, movie, or named artist style. No photorealism, no combat, no weapons, no monsters, no aggressive expressions, no text baked into gameplay art, no harsh neon, no heavy black shadows, no random crop, no wrong perspective, no visible watermark."
batch_c_characters,character,npc_aoi_walk_down_right,02_runtime_exports/characters/npc/npc_aoi_walk_down_right_4x128.png,512x128,True,"Warm low-saturation storybook 2D game art, fixed 3/4 top-down rural village view, clear readable silhouettes, soft hand-painted texture, clean outlines, modular assets, cozy countryside life simulation, no combat, no horror, no modern sci-fi HUD. Create compact 3.5 to 4-head gameplay character sprite asset for npc_aoi_walk_down_right; exact canvas 512x128 px; transparent background with clean alpha; stable foot anchor, simple rounded shapes, readable at small size.","Do not copy any existing game, anime, movie, or named artist style. No photorealism, no combat, no weapons, no monsters, no aggressive expressions, no text baked into gameplay art, no harsh neon, no heavy black shadows, no random crop, no wrong perspective, no visible watermark."
batch_c_characters,character,npc_aoi_idle_right,02_runtime_exports/characters/npc/npc_aoi_idle_right_128.png,128x128,True,"Warm low-saturation storybook 2D game art, fixed 3/4 top-down rural village view, clear readable silhouettes, soft hand-painted texture, clean outlines, modular assets, cozy countryside life simulation, no combat, no horror, no modern sci-fi HUD. Create compact 3.5 to 4-head gameplay character sprite asset for npc_aoi_idle_right; exact canvas 128x128 px; transparent background with clean alpha; stable foot anchor, simple rounded shapes, readable at small size.","Do not copy any existing game, anime, movie, or named artist style. No photorealism, no combat, no weapons, no monsters, no aggressive expressions, no text baked into gameplay art, no harsh neon, no heavy black shadows, no random crop, no wrong perspective, no visible watermark."
batch_c_characters,character,npc_aoi_walk_right,02_runtime_exports/characters/npc/npc_aoi_walk_right_4x128.png,512x128,True,"Warm low-saturation storybook 2D game art, fixed 3/4 top-down rural village view, clear readable silhouettes, soft hand-painted texture, clean outlines, modular assets, cozy countryside life simulation, no combat, no horror, no modern sci-fi HUD. Create compact 3.5 to 4-head gameplay character sprite asset for npc_aoi_walk_right; exact canvas 512x128 px; transparent background with clean alpha; stable foot anchor, simple rounded shapes, readable at small size.","Do not copy any existing game, anime, movie, or named artist style. No photorealism, no combat, no weapons, no monsters, no aggressive expressions, no text baked into gameplay art, no harsh neon, no heavy black shadows, no random crop, no wrong perspective, no visible watermark."
batch_c_characters,character,npc_aoi_idle_up_right,02_runtime_exports/characters/npc/npc_aoi_idle_up_right_128.png,128x128,True,"Warm low-saturation storybook 2D game art, fixed 3/4 top-down rural village view, clear readable silhouettes, soft hand-painted texture, clean outlines, modular assets, cozy countryside life simulation, no combat, no horror, no modern sci-fi HUD. Create compact 3.5 to 4-head gameplay character sprite asset for npc_aoi_idle_up_right; exact canvas 128x128 px; transparent background with clean alpha; stable foot anchor, simple rounded shapes, readable at small size.","Do not copy any existing game, anime, movie, or named artist style. No photorealism, no combat, no weapons, no monsters, no aggressive expressions, no text baked into gameplay art, no harsh neon, no heavy black shadows, no random crop, no wrong perspective, no visible watermark."
batch_c_characters,character,npc_aoi_walk_up_right,02_runtime_exports/characters/npc/npc_aoi_walk_up_right_4x128.png,512x128,True,"Warm low-saturation storybook 2D game art, fixed 3/4 top-down rural village view, clear readable silhouettes, soft hand-painted texture, clean outlines, modular assets, cozy countryside life simulation, no combat, no horror, no modern sci-fi HUD. Create compact 3.5 to 4-head gameplay character sprite asset for npc_aoi_walk_up_right; exact canvas 512x128 px; transparent background with clean alpha; stable foot anchor, simple rounded shapes, readable at small size.","Do not copy any existing game, anime, movie, or named artist style. No photorealism, no combat, no weapons, no monsters, no aggressive expressions, no text baked into gameplay art, no harsh neon, no heavy black shadows, no random crop, no wrong perspective, no visible watermark."
batch_c_characters,character,npc_aoi_idle_up,02_runtime_exports/characters/npc/npc_aoi_idle_up_128.png,128x128,True,"Warm low-saturation storybook 2D game art, fixed 3/4 top-down rural village view, clear readable silhouettes, soft hand-painted texture, clean outlines, modular assets, cozy countryside life simulation, no combat, no horror, no modern sci-fi HUD. Create compact 3.5 to 4-head gameplay character sprite asset for npc_aoi_idle_up; exact canvas 128x128 px; transparent background with clean alpha; stable foot anchor, simple rounded shapes, readable at small size.","Do not copy any existing game, anime, movie, or named artist style. No photorealism, no combat, no weapons, no monsters, no aggressive expressions, no text baked into gameplay art, no harsh neon, no heavy black shadows, no random crop, no wrong perspective, no visible watermark."
batch_c_characters,character,npc_aoi_walk_up,02_runtime_exports/characters/npc/npc_aoi_walk_up_4x128.png,512x128,True,"Warm low-saturation storybook 2D game art, fixed 3/4 top-down rural village view, clear readable silhouettes, soft hand-painted texture, clean outlines, modular assets, cozy countryside life simulation, no combat, no horror, no modern sci-fi HUD. Create compact 3.5 to 4-head gameplay character sprite asset for npc_aoi_walk_up; exact canvas 512x128 px; transparent background with clean alpha; stable foot anchor, simple rounded shapes, readable at small size.","Do not copy any existing game, anime, movie, or named artist style. No photorealism, no combat, no weapons, no monsters, no aggressive expressions, no text baked into gameplay art, no harsh neon, no heavy black shadows, no random crop, no wrong perspective, no visible watermark."
batch_c_characters,character,npc_aoi_idle_up_left,02_runtime_exports/characters/npc/npc_aoi_idle_up_left_128.png,128x128,True,"Warm low-saturation storybook 2D game art, fixed 3/4 top-down rural village view, clear readable silhouettes, soft hand-painted texture, clean outlines, modular assets, cozy countryside life simulation, no combat, no horror, no modern sci-fi HUD. Create compact 3.5 to 4-head gameplay character sprite asset for npc_aoi_idle_up_left; exact canvas 128x128 px; transparent background with clean alpha; stable foot anchor, simple rounded shapes, readable at small size.","Do not copy any existing game, anime, movie, or named artist style. No photorealism, no combat, no weapons, no monsters, no aggressive expressions, no text baked into gameplay art, no harsh neon, no heavy black shadows, no random crop, no wrong perspective, no visible watermark."
batch_c_characters,character,npc_aoi_walk_up_left,02_runtime_exports/characters/npc/npc_aoi_walk_up_left_4x128.png,512x128,True,"Warm low-saturation storybook 2D game art, fixed 3/4 top-down rural village view, clear readable silhouettes, soft hand-painted texture, clean outlines, modular assets, cozy countryside life simulation, no combat, no horror, no modern sci-fi HUD. Create compact 3.5 to 4-head gameplay character sprite asset for npc_aoi_walk_up_left; exact canvas 512x128 px; transparent background with clean alpha; stable foot anchor, simple rounded shapes, readable at small size.","Do not copy any existing game, anime, movie, or named artist style. No photorealism, no combat, no weapons, no monsters, no aggressive expressions, no text baked into gameplay art, no harsh neon, no heavy black shadows, no random crop, no wrong perspective, no visible watermark."
batch_c_characters,character,npc_aoi_idle_left,02_runtime_exports/characters/npc/npc_aoi_idle_left_128.png,128x128,True,"Warm low-saturation storybook 2D game art, fixed 3/4 top-down rural village view, clear readable silhouettes, soft hand-painted texture, clean outlines, modular assets, cozy countryside life simulation, no combat, no horror, no modern sci-fi HUD. Create compact 3.5 to 4-head gameplay character sprite asset for npc_aoi_idle_left; exact canvas 128x128 px; transparent background with clean alpha; stable foot anchor, simple rounded shapes, readable at small size.","Do not copy any existing game, anime, movie, or named artist style. No photorealism, no combat, no weapons, no monsters, no aggressive expressions, no text baked into gameplay art, no harsh neon, no heavy black shadows, no random crop, no wrong perspective, no visible watermark."
batch_c_characters,character,npc_aoi_walk_left,02_runtime_exports/characters/npc/npc_aoi_walk_left_4x128.png,512x128,True,"Warm low-saturation storybook 2D game art, fixed 3/4 top-down rural village view, clear readable silhouettes, soft hand-painted texture, clean outlines, modular assets, cozy countryside life simulation, no combat, no horror, no modern sci-fi HUD. Create compact 3.5 to 4-head gameplay character sprite asset for npc_aoi_walk_left; exact canvas 512x128 px; transparent background with clean alpha; stable foot anchor, simple rounded shapes, readable at small size.","Do not copy any existing game, anime, movie, or named artist style. No photorealism, no combat, no weapons, no monsters, no aggressive expressions, no text baked into gameplay art, no harsh neon, no heavy black shadows, no random crop, no wrong perspective, no visible watermark."
batch_c_characters,character,npc_aoi_idle_down_left,02_runtime_exports/characters/npc/npc_aoi_idle_down_left_128.png,128x128,True,"Warm low-saturation storybook 2D game art, fixed 3/4 top-down rural village view, clear readable silhouettes, soft hand-painted texture, clean outlines, modular assets, cozy countryside life simulation, no combat, no horror, no modern sci-fi HUD. Create compact 3.5 to 4-head gameplay character sprite asset for npc_aoi_idle_down_left; exact canvas 128x128 px; transparent background with clean alpha; stable foot anchor, simple rounded shapes, readable at small size.","Do not copy any existing game, anime, movie, or named artist style. No photorealism, no combat, no weapons, no monsters, no aggressive expressions, no text baked into gameplay art, no harsh neon, no heavy black shadows, no random crop, no wrong perspective, no visible watermark."
batch_c_characters,character,npc_aoi_walk_down_left,02_runtime_exports/characters/npc/npc_aoi_walk_down_left_4x128.png,512x128,True,"Warm low-saturation storybook 2D game art, fixed 3/4 top-down rural village view, clear readable silhouettes, soft hand-painted texture, clean outlines, modular assets, cozy countryside life simulation, no combat, no horror, no modern sci-fi HUD. Create compact 3.5 to 4-head gameplay character sprite asset for npc_aoi_walk_down_left; exact canvas 512x128 px; transparent background with clean alpha; stable foot anchor, simple rounded shapes, readable at small size.","Do not copy any existing game, anime, movie, or named artist style. No photorealism, no combat, no weapons, no monsters, no aggressive expressions, no text baked into gameplay art, no harsh neon, no heavy black shadows, no random crop, no wrong perspective, no visible watermark."
batch_c_characters,portrait,npc_aoi_portrait_neutral,02_runtime_exports/portraits/npc_aoi_portrait_neutral_512.png,512x512,False,"Warm low-saturation storybook 2D game art, fixed 3/4 top-down rural village view, clear readable silhouettes, soft hand-painted texture, clean outlines, modular assets, cozy countryside life simulation, no combat, no horror, no modern sci-fi HUD. Create a dialogue portrait for npc_aoi_portrait_neutral; exact canvas 512x512 px; fully opaque complete review image; gentle expression, clear face, same character identity as the sprite set.","Do not copy any existing game, anime, movie, or named artist style. No photorealism, no combat, no weapons, no monsters, no aggressive expressions, no text baked into gameplay art, no harsh neon, no heavy black shadows, no random crop, no wrong perspective, no visible watermark."
batch_c_characters,portrait,npc_aoi_portrait_happy,02_runtime_exports/portraits/npc_aoi_portrait_happy_512.png,512x512,False,"Warm low-saturation storybook 2D game art, fixed 3/4 top-down rural village view, clear readable silhouettes, soft hand-painted texture, clean outlines, modular assets, cozy countryside life simulation, no combat, no horror, no modern sci-fi HUD. Create a dialogue portrait for npc_aoi_portrait_happy; exact canvas 512x512 px; fully opaque complete review image; gentle expression, clear face, same character identity as the sprite set.","Do not copy any existing game, anime, movie, or named artist style. No photorealism, no combat, no weapons, no monsters, no aggressive expressions, no text baked into gameplay art, no harsh neon, no heavy black shadows, no random crop, no wrong perspective, no visible watermark."
batch_c_characters,portrait,npc_aoi_portrait_thinking,02_runtime_exports/portraits/npc_aoi_portrait_thinking_512.png,512x512,False,"Warm low-saturation storybook 2D game art, fixed 3/4 top-down rural village view, clear readable silhouettes, soft hand-painted texture, clean outlines, modular assets, cozy countryside life simulation, no combat, no horror, no modern sci-fi HUD. Create a dialogue portrait for npc_aoi_portrait_thinking; exact canvas 512x512 px; fully opaque complete review image; gentle expression, clear face, same character identity as the sprite set.","Do not copy any existing game, anime, movie, or named artist style. No photorealism, no combat, no weapons, no monsters, no aggressive expressions, no text baked into gameplay art, no harsh neon, no heavy black shadows, no random crop, no wrong perspective, no visible watermark."
batch_c_characters,character,npc_gen_idle_down,02_runtime_exports/characters/npc/npc_gen_idle_down_128.png,128x128,True,"Warm low-saturation storybook 2D game art, fixed 3/4 top-down rural village view, clear readable silhouettes, soft hand-painted texture, clean outlines, modular assets, cozy countryside life simulation, no combat, no horror, no modern sci-fi HUD. Create compact 3.5 to 4-head gameplay character sprite asset for npc_gen_idle_down; exact canvas 128x128 px; transparent background with clean alpha; stable foot anchor, simple rounded shapes, readable at small size.","Do not copy any existing game, anime, movie, or named artist style. No photorealism, no combat, no weapons, no monsters, no aggressive expressions, no text baked into gameplay art, no harsh neon, no heavy black shadows, no random crop, no wrong perspective, no visible watermark."
batch_c_characters,character,npc_gen_walk_down,02_runtime_exports/characters/npc/npc_gen_walk_down_4x128.png,512x128,True,"Warm low-saturation storybook 2D game art, fixed 3/4 top-down rural village view, clear readable silhouettes, soft hand-painted texture, clean outlines, modular assets, cozy countryside life simulation, no combat, no horror, no modern sci-fi HUD. Create compact 3.5 to 4-head gameplay character sprite asset for npc_gen_walk_down; exact canvas 512x128 px; transparent background with clean alpha; stable foot anchor, simple rounded shapes, readable at small size.","Do not copy any existing game, anime, movie, or named artist style. No photorealism, no combat, no weapons, no monsters, no aggressive expressions, no text baked into gameplay art, no harsh neon, no heavy black shadows, no random crop, no wrong perspective, no visible watermark."
batch_c_characters,character,npc_gen_idle_down_right,02_runtime_exports/characters/npc/npc_gen_idle_down_right_128.png,128x128,True,"Warm low-saturation storybook 2D game art, fixed 3/4 top-down rural village view, clear readable silhouettes, soft hand-painted texture, clean outlines, modular assets, cozy countryside life simulation, no combat, no horror, no modern sci-fi HUD. Create compact 3.5 to 4-head gameplay character sprite asset for npc_gen_idle_down_right; exact canvas 128x128 px; transparent background with clean alpha; stable foot anchor, simple rounded shapes, readable at small size.","Do not copy any existing game, anime, movie, or named artist style. No photorealism, no combat, no weapons, no monsters, no aggressive expressions, no text baked into gameplay art, no harsh neon, no heavy black shadows, no random crop, no wrong perspective, no visible watermark."
batch_c_characters,character,npc_gen_walk_down_right,02_runtime_exports/characters/npc/npc_gen_walk_down_right_4x128.png,512x128,True,"Warm low-saturation storybook 2D game art, fixed 3/4 top-down rural village view, clear readable silhouettes, soft hand-painted texture, clean outlines, modular assets, cozy countryside life simulation, no combat, no horror, no modern sci-fi HUD. Create compact 3.5 to 4-head gameplay character sprite asset for npc_gen_walk_down_right; exact canvas 512x128 px; transparent background with clean alpha; stable foot anchor, simple rounded shapes, readable at small size.","Do not copy any existing game, anime, movie, or named artist style. No photorealism, no combat, no weapons, no monsters, no aggressive expressions, no text baked into gameplay art, no harsh neon, no heavy black shadows, no random crop, no wrong perspective, no visible watermark."
batch_c_characters,character,npc_gen_idle_right,02_runtime_exports/characters/npc/npc_gen_idle_right_128.png,128x128,True,"Warm low-saturation storybook 2D game art, fixed 3/4 top-down rural village view, clear readable silhouettes, soft hand-painted texture, clean outlines, modular assets, cozy countryside life simulation, no combat, no horror, no modern sci-fi HUD. Create compact 3.5 to 4-head gameplay character sprite asset for npc_gen_idle_right; exact canvas 128x128 px; transparent background with clean alpha; stable foot anchor, simple rounded shapes, readable at small size.","Do not copy any existing game, anime, movie, or named artist style. No photorealism, no combat, no weapons, no monsters, no aggressive expressions, no text baked into gameplay art, no harsh neon, no heavy black shadows, no random crop, no wrong perspective, no visible watermark."
batch_c_characters,character,npc_gen_walk_right,02_runtime_exports/characters/npc/npc_gen_walk_right_4x128.png,512x128,True,"Warm low-saturation storybook 2D game art, fixed 3/4 top-down rural village view, clear readable silhouettes, soft hand-painted texture, clean outlines, modular assets, cozy countryside life simulation, no combat, no horror, no modern sci-fi HUD. Create compact 3.5 to 4-head gameplay character sprite asset for npc_gen_walk_right; exact canvas 512x128 px; transparent background with clean alpha; stable foot anchor, simple rounded shapes, readable at small size.","Do not copy any existing game, anime, movie, or named artist style. No photorealism, no combat, no weapons, no monsters, no aggressive expressions, no text baked into gameplay art, no harsh neon, no heavy black shadows, no random crop, no wrong perspective, no visible watermark."
batch_c_characters,character,npc_gen_idle_up_right,02_runtime_exports/characters/npc/npc_gen_idle_up_right_128.png,128x128,True,"Warm low-saturation storybook 2D game art, fixed 3/4 top-down rural village view, clear readable silhouettes, soft hand-painted texture, clean outlines, modular assets, cozy countryside life simulation, no combat, no horror, no modern sci-fi HUD. Create compact 3.5 to 4-head gameplay character sprite asset for npc_gen_idle_up_right; exact canvas 128x128 px; transparent background with clean alpha; stable foot anchor, simple rounded shapes, readable at small size.","Do not copy any existing game, anime, movie, or named artist style. No photorealism, no combat, no weapons, no monsters, no aggressive expressions, no text baked into gameplay art, no harsh neon, no heavy black shadows, no random crop, no wrong perspective, no visible watermark."
batch_c_characters,character,npc_gen_walk_up_right,02_runtime_exports/characters/npc/npc_gen_walk_up_right_4x128.png,512x128,True,"Warm low-saturation storybook 2D game art, fixed 3/4 top-down rural village view, clear readable silhouettes, soft hand-painted texture, clean outlines, modular assets, cozy countryside life simulation, no combat, no horror, no modern sci-fi HUD. Create compact 3.5 to 4-head gameplay character sprite asset for npc_gen_walk_up_right; exact canvas 512x128 px; transparent background with clean alpha; stable foot anchor, simple rounded shapes, readable at small size.","Do not copy any existing game, anime, movie, or named artist style. No photorealism, no combat, no weapons, no monsters, no aggressive expressions, no text baked into gameplay art, no harsh neon, no heavy black shadows, no random crop, no wrong perspective, no visible watermark."
batch_c_characters,character,npc_gen_idle_up,02_runtime_exports/characters/npc/npc_gen_idle_up_128.png,128x128,True,"Warm low-saturation storybook 2D game art, fixed 3/4 top-down rural village view, clear readable silhouettes, soft hand-painted texture, clean outlines, modular assets, cozy countryside life simulation, no combat, no horror, no modern sci-fi HUD. Create compact 3.5 to 4-head gameplay character sprite asset for npc_gen_idle_up; exact canvas 128x128 px; transparent background with clean alpha; stable foot anchor, simple rounded shapes, readable at small size.","Do not copy any existing game, anime, movie, or named artist style. No photorealism, no combat, no weapons, no monsters, no aggressive expressions, no text baked into gameplay art, no harsh neon, no heavy black shadows, no random crop, no wrong perspective, no visible watermark."
batch_c_characters,character,npc_gen_walk_up,02_runtime_exports/characters/npc/npc_gen_walk_up_4x128.png,512x128,True,"Warm low-saturation storybook 2D game art, fixed 3/4 top-down rural village view, clear readable silhouettes, soft hand-painted texture, clean outlines, modular assets, cozy countryside life simulation, no combat, no horror, no modern sci-fi HUD. Create compact 3.5 to 4-head gameplay character sprite asset for npc_gen_walk_up; exact canvas 512x128 px; transparent background with clean alpha; stable foot anchor, simple rounded shapes, readable at small size.","Do not copy any existing game, anime, movie, or named artist style. No photorealism, no combat, no weapons, no monsters, no aggressive expressions, no text baked into gameplay art, no harsh neon, no heavy black shadows, no random crop, no wrong perspective, no visible watermark."
batch_c_characters,character,npc_gen_idle_up_left,02_runtime_exports/characters/npc/npc_gen_idle_up_left_128.png,128x128,True,"Warm low-saturation storybook 2D game art, fixed 3/4 top-down rural village view, clear readable silhouettes, soft hand-painted texture, clean outlines, modular assets, cozy countryside life simulation, no combat, no horror, no modern sci-fi HUD. Create compact 3.5 to 4-head gameplay character sprite asset for npc_gen_idle_up_left; exact canvas 128x128 px; transparent background with clean alpha; stable foot anchor, simple rounded shapes, readable at small size.","Do not copy any existing game, anime, movie, or named artist style. No photorealism, no combat, no weapons, no monsters, no aggressive expressions, no text baked into gameplay art, no harsh neon, no heavy black shadows, no random crop, no wrong perspective, no visible watermark."
batch_c_characters,character,npc_gen_walk_up_left,02_runtime_exports/characters/npc/npc_gen_walk_up_left_4x128.png,512x128,True,"Warm low-saturation storybook 2D game art, fixed 3/4 top-down rural village view, clear readable silhouettes, soft hand-painted texture, clean outlines, modular assets, cozy countryside life simulation, no combat, no horror, no modern sci-fi HUD. Create compact 3.5 to 4-head gameplay character sprite asset for npc_gen_walk_up_left; exact canvas 512x128 px; transparent background with clean alpha; stable foot anchor, simple rounded shapes, readable at small size.","Do not copy any existing game, anime, movie, or named artist style. No photorealism, no combat, no weapons, no monsters, no aggressive expressions, no text baked into gameplay art, no harsh neon, no heavy black shadows, no random crop, no wrong perspective, no visible watermark."
batch_c_characters,character,npc_gen_idle_left,02_runtime_exports/characters/npc/npc_gen_idle_left_128.png,128x128,True,"Warm low-saturation storybook 2D game art, fixed 3/4 top-down rural village view, clear readable silhouettes, soft hand-painted texture, clean outlines, modular assets, cozy countryside life simulation, no combat, no horror, no modern sci-fi HUD. Create compact 3.5 to 4-head gameplay character sprite asset for npc_gen_idle_left; exact canvas 128x128 px; transparent background with clean alpha; stable foot anchor, simple rounded shapes, readable at small size.","Do not copy any existing game, anime, movie, or named artist style. No photorealism, no combat, no weapons, no monsters, no aggressive expressions, no text baked into gameplay art, no harsh neon, no heavy black shadows, no random crop, no wrong perspective, no visible watermark."
batch_c_characters,character,npc_gen_walk_left,02_runtime_exports/characters/npc/npc_gen_walk_left_4x128.png,512x128,True,"Warm low-saturation storybook 2D game art, fixed 3/4 top-down rural village view, clear readable silhouettes, soft hand-painted texture, clean outlines, modular assets, cozy countryside life simulation, no combat, no horror, no modern sci-fi HUD. Create compact 3.5 to 4-head gameplay character sprite asset for npc_gen_walk_left; exact canvas 512x128 px; transparent background with clean alpha; stable foot anchor, simple rounded shapes, readable at small size.","Do not copy any existing game, anime, movie, or named artist style. No photorealism, no combat, no weapons, no monsters, no aggressive expressions, no text baked into gameplay art, no harsh neon, no heavy black shadows, no random crop, no wrong perspective, no visible watermark."
batch_c_characters,character,npc_gen_idle_down_left,02_runtime_exports/characters/npc/npc_gen_idle_down_left_128.png,128x128,True,"Warm low-saturation storybook 2D game art, fixed 3/4 top-down rural village view, clear readable silhouettes, soft hand-painted texture, clean outlines, modular assets, cozy countryside life simulation, no combat, no horror, no modern sci-fi HUD. Create compact 3.5 to 4-head gameplay character sprite asset for npc_gen_idle_down_left; exact canvas 128x128 px; transparent background with clean alpha; stable foot anchor, simple rounded shapes, readable at small size.","Do not copy any existing game, anime, movie, or named artist style. No photorealism, no combat, no weapons, no monsters, no aggressive expressions, no text baked into gameplay art, no harsh neon, no heavy black shadows, no random crop, no wrong perspective, no visible watermark."
batch_c_characters,character,npc_gen_walk_down_left,02_runtime_exports/characters/npc/npc_gen_walk_down_left_4x128.png,512x128,True,"Warm low-saturation storybook 2D game art, fixed 3/4 top-down rural village view, clear readable silhouettes, soft hand-painted texture, clean outlines, modular assets, cozy countryside life simulation, no combat, no horror, no modern sci-fi HUD. Create compact 3.5 to 4-head gameplay character sprite asset for npc_gen_walk_down_left; exact canvas 512x128 px; transparent background with clean alpha; stable foot anchor, simple rounded shapes, readable at small size.","Do not copy any existing game, anime, movie, or named artist style. No photorealism, no combat, no weapons, no monsters, no aggressive expressions, no text baked into gameplay art, no harsh neon, no heavy black shadows, no random crop, no wrong perspective, no visible watermark."
batch_c_characters,portrait,npc_gen_portrait_neutral,02_runtime_exports/portraits/npc_gen_portrait_neutral_512.png,512x512,False,"Warm low-saturation storybook 2D game art, fixed 3/4 top-down rural village view, clear readable silhouettes, soft hand-painted texture, clean outlines, modular assets, cozy countryside life simulation, no combat, no horror, no modern sci-fi HUD. Create a dialogue portrait for npc_gen_portrait_neutral; exact canvas 512x512 px; fully opaque complete review image; gentle expression, clear face, same character identity as the sprite set.","Do not copy any existing game, anime, movie, or named artist style. No photorealism, no combat, no weapons, no monsters, no aggressive expressions, no text baked into gameplay art, no harsh neon, no heavy black shadows, no random crop, no wrong perspective, no visible watermark."
batch_c_characters,portrait,npc_gen_portrait_happy,02_runtime_exports/portraits/npc_gen_portrait_happy_512.png,512x512,False,"Warm low-saturation storybook 2D game art, fixed 3/4 top-down rural village view, clear readable silhouettes, soft hand-painted texture, clean outlines, modular assets, cozy countryside life simulation, no combat, no horror, no modern sci-fi HUD. Create a dialogue portrait for npc_gen_portrait_happy; exact canvas 512x512 px; fully opaque complete review image; gentle expression, clear face, same character identity as the sprite set.","Do not copy any existing game, anime, movie, or named artist style. No photorealism, no combat, no weapons, no monsters, no aggressive expressions, no text baked into gameplay art, no harsh neon, no heavy black shadows, no random crop, no wrong perspective, no visible watermark."
batch_c_characters,portrait,npc_gen_portrait_thinking,02_runtime_exports/portraits/npc_gen_portrait_thinking_512.png,512x512,False,"Warm low-saturation storybook 2D game art, fixed 3/4 top-down rural village view, clear readable silhouettes, soft hand-painted texture, clean outlines, modular assets, cozy countryside life simulation, no combat, no horror, no modern sci-fi HUD. Create a dialogue portrait for npc_gen_portrait_thinking; exact canvas 512x512 px; fully opaque complete review image; gentle expression, clear face, same character identity as the sprite set.","Do not copy any existing game, anime, movie, or named artist style. No photorealism, no combat, no weapons, no monsters, no aggressive expressions, no text baked into gameplay art, no harsh neon, no heavy black shadows, no random crop, no wrong perspective, no visible watermark."
batch_c_characters,character,npc_mika_idle_down,02_runtime_exports/characters/npc/npc_mika_idle_down_128.png,128x128,True,"Warm low-saturation storybook 2D game art, fixed 3/4 top-down rural village view, clear readable silhouettes, soft hand-painted texture, clean outlines, modular assets, cozy countryside life simulation, no combat, no horror, no modern sci-fi HUD. Create compact 3.5 to 4-head gameplay character sprite asset for npc_mika_idle_down; exact canvas 128x128 px; transparent background with clean alpha; stable foot anchor, simple rounded shapes, readable at small size.","Do not copy any existing game, anime, movie, or named artist style. No photorealism, no combat, no weapons, no monsters, no aggressive expressions, no text baked into gameplay art, no harsh neon, no heavy black shadows, no random crop, no wrong perspective, no visible watermark."
batch_c_characters,character,npc_mika_walk_down,02_runtime_exports/characters/npc/npc_mika_walk_down_4x128.png,512x128,True,"Warm low-saturation storybook 2D game art, fixed 3/4 top-down rural village view, clear readable silhouettes, soft hand-painted texture, clean outlines, modular assets, cozy countryside life simulation, no combat, no horror, no modern sci-fi HUD. Create compact 3.5 to 4-head gameplay character sprite asset for npc_mika_walk_down; exact canvas 512x128 px; transparent background with clean alpha; stable foot anchor, simple rounded shapes, readable at small size.","Do not copy any existing game, anime, movie, or named artist style. No photorealism, no combat, no weapons, no monsters, no aggressive expressions, no text baked into gameplay art, no harsh neon, no heavy black shadows, no random crop, no wrong perspective, no visible watermark."
batch_c_characters,character,npc_mika_idle_down_right,02_runtime_exports/characters/npc/npc_mika_idle_down_right_128.png,128x128,True,"Warm low-saturation storybook 2D game art, fixed 3/4 top-down rural village view, clear readable silhouettes, soft hand-painted texture, clean outlines, modular assets, cozy countryside life simulation, no combat, no horror, no modern sci-fi HUD. Create compact 3.5 to 4-head gameplay character sprite asset for npc_mika_idle_down_right; exact canvas 128x128 px; transparent background with clean alpha; stable foot anchor, simple rounded shapes, readable at small size.","Do not copy any existing game, anime, movie, or named artist style. No photorealism, no combat, no weapons, no monsters, no aggressive expressions, no text baked into gameplay art, no harsh neon, no heavy black shadows, no random crop, no wrong perspective, no visible watermark."
batch_c_characters,character,npc_mika_walk_down_right,02_runtime_exports/characters/npc/npc_mika_walk_down_right_4x128.png,512x128,True,"Warm low-saturation storybook 2D game art, fixed 3/4 top-down rural village view, clear readable silhouettes, soft hand-painted texture, clean outlines, modular assets, cozy countryside life simulation, no combat, no horror, no modern sci-fi HUD. Create compact 3.5 to 4-head gameplay character sprite asset for npc_mika_walk_down_right; exact canvas 512x128 px; transparent background with clean alpha; stable foot anchor, simple rounded shapes, readable at small size.","Do not copy any existing game, anime, movie, or named artist style. No photorealism, no combat, no weapons, no monsters, no aggressive expressions, no text baked into gameplay art, no harsh neon, no heavy black shadows, no random crop, no wrong perspective, no visible watermark."
batch_c_characters,character,npc_mika_idle_right,02_runtime_exports/characters/npc/npc_mika_idle_right_128.png,128x128,True,"Warm low-saturation storybook 2D game art, fixed 3/4 top-down rural village view, clear readable silhouettes, soft hand-painted texture, clean outlines, modular assets, cozy countryside life simulation, no combat, no horror, no modern sci-fi HUD. Create compact 3.5 to 4-head gameplay character sprite asset for npc_mika_idle_right; exact canvas 128x128 px; transparent background with clean alpha; stable foot anchor, simple rounded shapes, readable at small size.","Do not copy any existing game, anime, movie, or named artist style. No photorealism, no combat, no weapons, no monsters, no aggressive expressions, no text baked into gameplay art, no harsh neon, no heavy black shadows, no random crop, no wrong perspective, no visible watermark."
batch_c_characters,character,npc_mika_walk_right,02_runtime_exports/characters/npc/npc_mika_walk_right_4x128.png,512x128,True,"Warm low-saturation storybook 2D game art, fixed 3/4 top-down rural village view, clear readable silhouettes, soft hand-painted texture, clean outlines, modular assets, cozy countryside life simulation, no combat, no horror, no modern sci-fi HUD. Create compact 3.5 to 4-head gameplay character sprite asset for npc_mika_walk_right; exact canvas 512x128 px; transparent background with clean alpha; stable foot anchor, simple rounded shapes, readable at small size.","Do not copy any existing game, anime, movie, or named artist style. No photorealism, no combat, no weapons, no monsters, no aggressive expressions, no text baked into gameplay art, no harsh neon, no heavy black shadows, no random crop, no wrong perspective, no visible watermark."
batch_c_characters,character,npc_mika_idle_up_right,02_runtime_exports/characters/npc/npc_mika_idle_up_right_128.png,128x128,True,"Warm low-saturation storybook 2D game art, fixed 3/4 top-down rural village view, clear readable silhouettes, soft hand-painted texture, clean outlines, modular assets, cozy countryside life simulation, no combat, no horror, no modern sci-fi HUD. Create compact 3.5 to 4-head gameplay character sprite asset for npc_mika_idle_up_right; exact canvas 128x128 px; transparent background with clean alpha; stable foot anchor, simple rounded shapes, readable at small size.","Do not copy any existing game, anime, movie, or named artist style. No photorealism, no combat, no weapons, no monsters, no aggressive expressions, no text baked into gameplay art, no harsh neon, no heavy black shadows, no random crop, no wrong perspective, no visible watermark."
batch_c_characters,character,npc_mika_walk_up_right,02_runtime_exports/characters/npc/npc_mika_walk_up_right_4x128.png,512x128,True,"Warm low-saturation storybook 2D game art, fixed 3/4 top-down rural village view, clear readable silhouettes, soft hand-painted texture, clean outlines, modular assets, cozy countryside life simulation, no combat, no horror, no modern sci-fi HUD. Create compact 3.5 to 4-head gameplay character sprite asset for npc_mika_walk_up_right; exact canvas 512x128 px; transparent background with clean alpha; stable foot anchor, simple rounded shapes, readable at small size.","Do not copy any existing game, anime, movie, or named artist style. No photorealism, no combat, no weapons, no monsters, no aggressive expressions, no text baked into gameplay art, no harsh neon, no heavy black shadows, no random crop, no wrong perspective, no visible watermark."
batch_c_characters,character,npc_mika_idle_up,02_runtime_exports/characters/npc/npc_mika_idle_up_128.png,128x128,True,"Warm low-saturation storybook 2D game art, fixed 3/4 top-down rural village view, clear readable silhouettes, soft hand-painted texture, clean outlines, modular assets, cozy countryside life simulation, no combat, no horror, no modern sci-fi HUD. Create compact 3.5 to 4-head gameplay character sprite asset for npc_mika_idle_up; exact canvas 128x128 px; transparent background with clean alpha; stable foot anchor, simple rounded shapes, readable at small size.","Do not copy any existing game, anime, movie, or named artist style. No photorealism, no combat, no weapons, no monsters, no aggressive expressions, no text baked into gameplay art, no harsh neon, no heavy black shadows, no random crop, no wrong perspective, no visible watermark."
batch_c_characters,character,npc_mika_walk_up,02_runtime_exports/characters/npc/npc_mika_walk_up_4x128.png,512x128,True,"Warm low-saturation storybook 2D game art, fixed 3/4 top-down rural village view, clear readable silhouettes, soft hand-painted texture, clean outlines, modular assets, cozy countryside life simulation, no combat, no horror, no modern sci-fi HUD. Create compact 3.5 to 4-head gameplay character sprite asset for npc_mika_walk_up; exact canvas 512x128 px; transparent background with clean alpha; stable foot anchor, simple rounded shapes, readable at small size.","Do not copy any existing game, anime, movie, or named artist style. No photorealism, no combat, no weapons, no monsters, no aggressive expressions, no text baked into gameplay art, no harsh neon, no heavy black shadows, no random crop, no wrong perspective, no visible watermark."
batch_c_characters,character,npc_mika_idle_up_left,02_runtime_exports/characters/npc/npc_mika_idle_up_left_128.png,128x128,True,"Warm low-saturation storybook 2D game art, fixed 3/4 top-down rural village view, clear readable silhouettes, soft hand-painted texture, clean outlines, modular assets, cozy countryside life simulation, no combat, no horror, no modern sci-fi HUD. Create compact 3.5 to 4-head gameplay character sprite asset for npc_mika_idle_up_left; exact canvas 128x128 px; transparent background with clean alpha; stable foot anchor, simple rounded shapes, readable at small size.","Do not copy any existing game, anime, movie, or named artist style. No photorealism, no combat, no weapons, no monsters, no aggressive expressions, no text baked into gameplay art, no harsh neon, no heavy black shadows, no random crop, no wrong perspective, no visible watermark."
batch_c_characters,character,npc_mika_walk_up_left,02_runtime_exports/characters/npc/npc_mika_walk_up_left_4x128.png,512x128,True,"Warm low-saturation storybook 2D game art, fixed 3/4 top-down rural village view, clear readable silhouettes, soft hand-painted texture, clean outlines, modular assets, cozy countryside life simulation, no combat, no horror, no modern sci-fi HUD. Create compact 3.5 to 4-head gameplay character sprite asset for npc_mika_walk_up_left; exact canvas 512x128 px; transparent background with clean alpha; stable foot anchor, simple rounded shapes, readable at small size.","Do not copy any existing game, anime, movie, or named artist style. No photorealism, no combat, no weapons, no monsters, no aggressive expressions, no text baked into gameplay art, no harsh neon, no heavy black shadows, no random crop, no wrong perspective, no visible watermark."
batch_c_characters,character,npc_mika_idle_left,02_runtime_exports/characters/npc/npc_mika_idle_left_128.png,128x128,True,"Warm low-saturation storybook 2D game art, fixed 3/4 top-down rural village view, clear readable silhouettes, soft hand-painted texture, clean outlines, modular assets, cozy countryside life simulation, no combat, no horror, no modern sci-fi HUD. Create compact 3.5 to 4-head gameplay character sprite asset for npc_mika_idle_left; exact canvas 128x128 px; transparent background with clean alpha; stable foot anchor, simple rounded shapes, readable at small size.","Do not copy any existing game, anime, movie, or named artist style. No photorealism, no combat, no weapons, no monsters, no aggressive expressions, no text baked into gameplay art, no harsh neon, no heavy black shadows, no random crop, no wrong perspective, no visible watermark."
batch_c_characters,character,npc_mika_walk_left,02_runtime_exports/characters/npc/npc_mika_walk_left_4x128.png,512x128,True,"Warm low-saturation storybook 2D game art, fixed 3/4 top-down rural village view, clear readable silhouettes, soft hand-painted texture, clean outlines, modular assets, cozy countryside life simulation, no combat, no horror, no modern sci-fi HUD. Create compact 3.5 to 4-head gameplay character sprite asset for npc_mika_walk_left; exact canvas 512x128 px; transparent background with clean alpha; stable foot anchor, simple rounded shapes, readable at small size.","Do not copy any existing game, anime, movie, or named artist style. No photorealism, no combat, no weapons, no monsters, no aggressive expressions, no text baked into gameplay art, no harsh neon, no heavy black shadows, no random crop, no wrong perspective, no visible watermark."
batch_c_characters,character,npc_mika_idle_down_left,02_runtime_exports/characters/npc/npc_mika_idle_down_left_128.png,128x128,True,"Warm low-saturation storybook 2D game art, fixed 3/4 top-down rural village view, clear readable silhouettes, soft hand-painted texture, clean outlines, modular assets, cozy countryside life simulation, no combat, no horror, no modern sci-fi HUD. Create compact 3.5 to 4-head gameplay character sprite asset for npc_mika_idle_down_left; exact canvas 128x128 px; transparent background with clean alpha; stable foot anchor, simple rounded shapes, readable at small size.","Do not copy any existing game, anime, movie, or named artist style. No photorealism, no combat, no weapons, no monsters, no aggressive expressions, no text baked into gameplay art, no harsh neon, no heavy black shadows, no random crop, no wrong perspective, no visible watermark."
batch_c_characters,character,npc_mika_walk_down_left,02_runtime_exports/characters/npc/npc_mika_walk_down_left_4x128.png,512x128,True,"Warm low-saturation storybook 2D game art, fixed 3/4 top-down rural village view, clear readable silhouettes, soft hand-painted texture, clean outlines, modular assets, cozy countryside life simulation, no combat, no horror, no modern sci-fi HUD. Create compact 3.5 to 4-head gameplay character sprite asset for npc_mika_walk_down_left; exact canvas 512x128 px; transparent background with clean alpha; stable foot anchor, simple rounded shapes, readable at small size.","Do not copy any existing game, anime, movie, or named artist style. No photorealism, no combat, no weapons, no monsters, no aggressive expressions, no text baked into gameplay art, no harsh neon, no heavy black shadows, no random crop, no wrong perspective, no visible watermark."
batch_c_characters,portrait,npc_mika_portrait_neutral,02_runtime_exports/portraits/npc_mika_portrait_neutral_512.png,512x512,False,"Warm low-saturation storybook 2D game art, fixed 3/4 top-down rural village view, clear readable silhouettes, soft hand-painted texture, clean outlines, modular assets, cozy countryside life simulation, no combat, no horror, no modern sci-fi HUD. Create a dialogue portrait for npc_mika_portrait_neutral; exact canvas 512x512 px; fully opaque complete review image; gentle expression, clear face, same character identity as the sprite set.","Do not copy any existing game, anime, movie, or named artist style. No photorealism, no combat, no weapons, no monsters, no aggressive expressions, no text baked into gameplay art, no harsh neon, no heavy black shadows, no random crop, no wrong perspective, no visible watermark."
batch_c_characters,portrait,npc_mika_portrait_happy,02_runtime_exports/portraits/npc_mika_portrait_happy_512.png,512x512,False,"Warm low-saturation storybook 2D game art, fixed 3/4 top-down rural village view, clear readable silhouettes, soft hand-painted texture, clean outlines, modular assets, cozy countryside life simulation, no combat, no horror, no modern sci-fi HUD. Create a dialogue portrait for npc_mika_portrait_happy; exact canvas 512x512 px; fully opaque complete review image; gentle expression, clear face, same character identity as the sprite set.","Do not copy any existing game, anime, movie, or named artist style. No photorealism, no combat, no weapons, no monsters, no aggressive expressions, no text baked into gameplay art, no harsh neon, no heavy black shadows, no random crop, no wrong perspective, no visible watermark."
batch_c_characters,portrait,npc_mika_portrait_thinking,02_runtime_exports/portraits/npc_mika_portrait_thinking_512.png,512x512,False,"Warm low-saturation storybook 2D game art, fixed 3/4 top-down rural village view, clear readable silhouettes, soft hand-painted texture, clean outlines, modular assets, cozy countryside life simulation, no combat, no horror, no modern sci-fi HUD. Create a dialogue portrait for npc_mika_portrait_thinking; exact canvas 512x512 px; fully opaque complete review image; gentle expression, clear face, same character identity as the sprite set.","Do not copy any existing game, anime, movie, or named artist style. No photorealism, no combat, no weapons, no monsters, no aggressive expressions, no text baked into gameplay art, no harsh neon, no heavy black shadows, no random crop, no wrong perspective, no visible watermark."
batch_c_characters,character,npc_hana_idle_down,02_runtime_exports/characters/npc/npc_hana_idle_down_128.png,128x128,True,"Warm low-saturation storybook 2D game art, fixed 3/4 top-down rural village view, clear readable silhouettes, soft hand-painted texture, clean outlines, modular assets, cozy countryside life simulation, no combat, no horror, no modern sci-fi HUD. Create compact 3.5 to 4-head gameplay character sprite asset for npc_hana_idle_down; exact canvas 128x128 px; transparent background with clean alpha; stable foot anchor, simple rounded shapes, readable at small size.","Do not copy any existing game, anime, movie, or named artist style. No photorealism, no combat, no weapons, no monsters, no aggressive expressions, no text baked into gameplay art, no harsh neon, no heavy black shadows, no random crop, no wrong perspective, no visible watermark."
batch_c_characters,character,npc_hana_walk_down,02_runtime_exports/characters/npc/npc_hana_walk_down_4x128.png,512x128,True,"Warm low-saturation storybook 2D game art, fixed 3/4 top-down rural village view, clear readable silhouettes, soft hand-painted texture, clean outlines, modular assets, cozy countryside life simulation, no combat, no horror, no modern sci-fi HUD. Create compact 3.5 to 4-head gameplay character sprite asset for npc_hana_walk_down; exact canvas 512x128 px; transparent background with clean alpha; stable foot anchor, simple rounded shapes, readable at small size.","Do not copy any existing game, anime, movie, or named artist style. No photorealism, no combat, no weapons, no monsters, no aggressive expressions, no text baked into gameplay art, no harsh neon, no heavy black shadows, no random crop, no wrong perspective, no visible watermark."
batch_c_characters,character,npc_hana_idle_down_right,02_runtime_exports/characters/npc/npc_hana_idle_down_right_128.png,128x128,True,"Warm low-saturation storybook 2D game art, fixed 3/4 top-down rural village view, clear readable silhouettes, soft hand-painted texture, clean outlines, modular assets, cozy countryside life simulation, no combat, no horror, no modern sci-fi HUD. Create compact 3.5 to 4-head gameplay character sprite asset for npc_hana_idle_down_right; exact canvas 128x128 px; transparent background with clean alpha; stable foot anchor, simple rounded shapes, readable at small size.","Do not copy any existing game, anime, movie, or named artist style. No photorealism, no combat, no weapons, no monsters, no aggressive expressions, no text baked into gameplay art, no harsh neon, no heavy black shadows, no random crop, no wrong perspective, no visible watermark."
batch_c_characters,character,npc_hana_walk_down_right,02_runtime_exports/characters/npc/npc_hana_walk_down_right_4x128.png,512x128,True,"Warm low-saturation storybook 2D game art, fixed 3/4 top-down rural village view, clear readable silhouettes, soft hand-painted texture, clean outlines, modular assets, cozy countryside life simulation, no combat, no horror, no modern sci-fi HUD. Create compact 3.5 to 4-head gameplay character sprite asset for npc_hana_walk_down_right; exact canvas 512x128 px; transparent background with clean alpha; stable foot anchor, simple rounded shapes, readable at small size.","Do not copy any existing game, anime, movie, or named artist style. No photorealism, no combat, no weapons, no monsters, no aggressive expressions, no text baked into gameplay art, no harsh neon, no heavy black shadows, no random crop, no wrong perspective, no visible watermark."
batch_c_characters,character,npc_hana_idle_right,02_runtime_exports/characters/npc/npc_hana_idle_right_128.png,128x128,True,"Warm low-saturation storybook 2D game art, fixed 3/4 top-down rural village view, clear readable silhouettes, soft hand-painted texture, clean outlines, modular assets, cozy countryside life simulation, no combat, no horror, no modern sci-fi HUD. Create compact 3.5 to 4-head gameplay character sprite asset for npc_hana_idle_right; exact canvas 128x128 px; transparent background with clean alpha; stable foot anchor, simple rounded shapes, readable at small size.","Do not copy any existing game, anime, movie, or named artist style. No photorealism, no combat, no weapons, no monsters, no aggressive expressions, no text baked into gameplay art, no harsh neon, no heavy black shadows, no random crop, no wrong perspective, no visible watermark."
batch_c_characters,character,npc_hana_walk_right,02_runtime_exports/characters/npc/npc_hana_walk_right_4x128.png,512x128,True,"Warm low-saturation storybook 2D game art, fixed 3/4 top-down rural village view, clear readable silhouettes, soft hand-painted texture, clean outlines, modular assets, cozy countryside life simulation, no combat, no horror, no modern sci-fi HUD. Create compact 3.5 to 4-head gameplay character sprite asset for npc_hana_walk_right; exact canvas 512x128 px; transparent background with clean alpha; stable foot anchor, simple rounded shapes, readable at small size.","Do not copy any existing game, anime, movie, or named artist style. No photorealism, no combat, no weapons, no monsters, no aggressive expressions, no text baked into gameplay art, no harsh neon, no heavy black shadows, no random crop, no wrong perspective, no visible watermark."
batch_c_characters,character,npc_hana_idle_up_right,02_runtime_exports/characters/npc/npc_hana_idle_up_right_128.png,128x128,True,"Warm low-saturation storybook 2D game art, fixed 3/4 top-down rural village view, clear readable silhouettes, soft hand-painted texture, clean outlines, modular assets, cozy countryside life simulation, no combat, no horror, no modern sci-fi HUD. Create compact 3.5 to 4-head gameplay character sprite asset for npc_hana_idle_up_right; exact canvas 128x128 px; transparent background with clean alpha; stable foot anchor, simple rounded shapes, readable at small size.","Do not copy any existing game, anime, movie, or named artist style. No photorealism, no combat, no weapons, no monsters, no aggressive expressions, no text baked into gameplay art, no harsh neon, no heavy black shadows, no random crop, no wrong perspective, no visible watermark."
batch_c_characters,character,npc_hana_walk_up_right,02_runtime_exports/characters/npc/npc_hana_walk_up_right_4x128.png,512x128,True,"Warm low-saturation storybook 2D game art, fixed 3/4 top-down rural village view, clear readable silhouettes, soft hand-painted texture, clean outlines, modular assets, cozy countryside life simulation, no combat, no horror, no modern sci-fi HUD. Create compact 3.5 to 4-head gameplay character sprite asset for npc_hana_walk_up_right; exact canvas 512x128 px; transparent background with clean alpha; stable foot anchor, simple rounded shapes, readable at small size.","Do not copy any existing game, anime, movie, or named artist style. No photorealism, no combat, no weapons, no monsters, no aggressive expressions, no text baked into gameplay art, no harsh neon, no heavy black shadows, no random crop, no wrong perspective, no visible watermark."
batch_c_characters,character,npc_hana_idle_up,02_runtime_exports/characters/npc/npc_hana_idle_up_128.png,128x128,True,"Warm low-saturation storybook 2D game art, fixed 3/4 top-down rural village view, clear readable silhouettes, soft hand-painted texture, clean outlines, modular assets, cozy countryside life simulation, no combat, no horror, no modern sci-fi HUD. Create compact 3.5 to 4-head gameplay character sprite asset for npc_hana_idle_up; exact canvas 128x128 px; transparent background with clean alpha; stable foot anchor, simple rounded shapes, readable at small size.","Do not copy any existing game, anime, movie, or named artist style. No photorealism, no combat, no weapons, no monsters, no aggressive expressions, no text baked into gameplay art, no harsh neon, no heavy black shadows, no random crop, no wrong perspective, no visible watermark."
batch_c_characters,character,npc_hana_walk_up,02_runtime_exports/characters/npc/npc_hana_walk_up_4x128.png,512x128,True,"Warm low-saturation storybook 2D game art, fixed 3/4 top-down rural village view, clear readable silhouettes, soft hand-painted texture, clean outlines, modular assets, cozy countryside life simulation, no combat, no horror, no modern sci-fi HUD. Create compact 3.5 to 4-head gameplay character sprite asset for npc_hana_walk_up; exact canvas 512x128 px; transparent background with clean alpha; stable foot anchor, simple rounded shapes, readable at small size.","Do not copy any existing game, anime, movie, or named artist style. No photorealism, no combat, no weapons, no monsters, no aggressive expressions, no text baked into gameplay art, no harsh neon, no heavy black shadows, no random crop, no wrong perspective, no visible watermark."
batch_c_characters,character,npc_hana_idle_up_left,02_runtime_exports/characters/npc/npc_hana_idle_up_left_128.png,128x128,True,"Warm low-saturation storybook 2D game art, fixed 3/4 top-down rural village view, clear readable silhouettes, soft hand-painted texture, clean outlines, modular assets, cozy countryside life simulation, no combat, no horror, no modern sci-fi HUD. Create compact 3.5 to 4-head gameplay character sprite asset for npc_hana_idle_up_left; exact canvas 128x128 px; transparent background with clean alpha; stable foot anchor, simple rounded shapes, readable at small size.","Do not copy any existing game, anime, movie, or named artist style. No photorealism, no combat, no weapons, no monsters, no aggressive expressions, no text baked into gameplay art, no harsh neon, no heavy black shadows, no random crop, no wrong perspective, no visible watermark."
batch_c_characters,character,npc_hana_walk_up_left,02_runtime_exports/characters/npc/npc_hana_walk_up_left_4x128.png,512x128,True,"Warm low-saturation storybook 2D game art, fixed 3/4 top-down rural village view, clear readable silhouettes, soft hand-painted texture, clean outlines, modular assets, cozy countryside life simulation, no combat, no horror, no modern sci-fi HUD. Create compact 3.5 to 4-head gameplay character sprite asset for npc_hana_walk_up_left; exact canvas 512x128 px; transparent background with clean alpha; stable foot anchor, simple rounded shapes, readable at small size.","Do not copy any existing game, anime, movie, or named artist style. No photorealism, no combat, no weapons, no monsters, no aggressive expressions, no text baked into gameplay art, no harsh neon, no heavy black shadows, no random crop, no wrong perspective, no visible watermark."
batch_c_characters,character,npc_hana_idle_left,02_runtime_exports/characters/npc/npc_hana_idle_left_128.png,128x128,True,"Warm low-saturation storybook 2D game art, fixed 3/4 top-down rural village view, clear readable silhouettes, soft hand-painted texture, clean outlines, modular assets, cozy countryside life simulation, no combat, no horror, no modern sci-fi HUD. Create compact 3.5 to 4-head gameplay character sprite asset for npc_hana_idle_left; exact canvas 128x128 px; transparent background with clean alpha; stable foot anchor, simple rounded shapes, readable at small size.","Do not copy any existing game, anime, movie, or named artist style. No photorealism, no combat, no weapons, no monsters, no aggressive expressions, no text baked into gameplay art, no harsh neon, no heavy black shadows, no random crop, no wrong perspective, no visible watermark."
batch_c_characters,character,npc_hana_walk_left,02_runtime_exports/characters/npc/npc_hana_walk_left_4x128.png,512x128,True,"Warm low-saturation storybook 2D game art, fixed 3/4 top-down rural village view, clear readable silhouettes, soft hand-painted texture, clean outlines, modular assets, cozy countryside life simulation, no combat, no horror, no modern sci-fi HUD. Create compact 3.5 to 4-head gameplay character sprite asset for npc_hana_walk_left; exact canvas 512x128 px; transparent background with clean alpha; stable foot anchor, simple rounded shapes, readable at small size.","Do not copy any existing game, anime, movie, or named artist style. No photorealism, no combat, no weapons, no monsters, no aggressive expressions, no text baked into gameplay art, no harsh neon, no heavy black shadows, no random crop, no wrong perspective, no visible watermark."
batch_c_characters,character,npc_hana_idle_down_left,02_runtime_exports/characters/npc/npc_hana_idle_down_left_128.png,128x128,True,"Warm low-saturation storybook 2D game art, fixed 3/4 top-down rural village view, clear readable silhouettes, soft hand-painted texture, clean outlines, modular assets, cozy countryside life simulation, no combat, no horror, no modern sci-fi HUD. Create compact 3.5 to 4-head gameplay character sprite asset for npc_hana_idle_down_left; exact canvas 128x128 px; transparent background with clean alpha; stable foot anchor, simple rounded shapes, readable at small size.","Do not copy any existing game, anime, movie, or named artist style. No photorealism, no combat, no weapons, no monsters, no aggressive expressions, no text baked into gameplay art, no harsh neon, no heavy black shadows, no random crop, no wrong perspective, no visible watermark."
batch_c_characters,character,npc_hana_walk_down_left,02_runtime_exports/characters/npc/npc_hana_walk_down_left_4x128.png,512x128,True,"Warm low-saturation storybook 2D game art, fixed 3/4 top-down rural village view, clear readable silhouettes, soft hand-painted texture, clean outlines, modular assets, cozy countryside life simulation, no combat, no horror, no modern sci-fi HUD. Create compact 3.5 to 4-head gameplay character sprite asset for npc_hana_walk_down_left; exact canvas 512x128 px; transparent background with clean alpha; stable foot anchor, simple rounded shapes, readable at small size.","Do not copy any existing game, anime, movie, or named artist style. No photorealism, no combat, no weapons, no monsters, no aggressive expressions, no text baked into gameplay art, no harsh neon, no heavy black shadows, no random crop, no wrong perspective, no visible watermark."
batch_c_characters,portrait,npc_hana_portrait_neutral,02_runtime_exports/portraits/npc_hana_portrait_neutral_512.png,512x512,False,"Warm low-saturation storybook 2D game art, fixed 3/4 top-down rural village view, clear readable silhouettes, soft hand-painted texture, clean outlines, modular assets, cozy countryside life simulation, no combat, no horror, no modern sci-fi HUD. Create a dialogue portrait for npc_hana_portrait_neutral; exact canvas 512x512 px; fully opaque complete review image; gentle expression, clear face, same character identity as the sprite set.","Do not copy any existing game, anime, movie, or named artist style. No photorealism, no combat, no weapons, no monsters, no aggressive expressions, no text baked into gameplay art, no harsh neon, no heavy black shadows, no random crop, no wrong perspective, no visible watermark."
batch_c_characters,portrait,npc_hana_portrait_happy,02_runtime_exports/portraits/npc_hana_portrait_happy_512.png,512x512,False,"Warm low-saturation storybook 2D game art, fixed 3/4 top-down rural village view, clear readable silhouettes, soft hand-painted texture, clean outlines, modular assets, cozy countryside life simulation, no combat, no horror, no modern sci-fi HUD. Create a dialogue portrait for npc_hana_portrait_happy; exact canvas 512x512 px; fully opaque complete review image; gentle expression, clear face, same character identity as the sprite set.","Do not copy any existing game, anime, movie, or named artist style. No photorealism, no combat, no weapons, no monsters, no aggressive expressions, no text baked into gameplay art, no harsh neon, no heavy black shadows, no random crop, no wrong perspective, no visible watermark."
batch_c_characters,portrait,npc_hana_portrait_thinking,02_runtime_exports/portraits/npc_hana_portrait_thinking_512.png,512x512,False,"Warm low-saturation storybook 2D game art, fixed 3/4 top-down rural village view, clear readable silhouettes, soft hand-painted texture, clean outlines, modular assets, cozy countryside life simulation, no combat, no horror, no modern sci-fi HUD. Create a dialogue portrait for npc_hana_portrait_thinking; exact canvas 512x512 px; fully opaque complete review image; gentle expression, clear face, same character identity as the sprite set.","Do not copy any existing game, anime, movie, or named artist style. No photorealism, no combat, no weapons, no monsters, no aggressive expressions, no text baked into gameplay art, no harsh neon, no heavy black shadows, no random crop, no wrong perspective, no visible watermark."
batch_d_system_assets,tile,tile_grass_a_spring_64,02_runtime_exports/tiles/spring/tile_grass_a_spring_64.png,64x64,True,"Warm low-saturation storybook 2D game art, fixed 3/4 top-down rural village view, clear readable silhouettes, soft hand-painted texture, clean outlines, modular assets, cozy countryside life simulation, no combat, no horror, no modern sci-fi HUD. Create a seamless or edge-safe ground tile for tile_grass_a_spring_64; exact canvas 64x64 px; transparent background with clean alpha; readable material pattern without noisy detail.","Do not copy any existing game, anime, movie, or named artist style. No photorealism, no combat, no weapons, no monsters, no aggressive expressions, no text baked into gameplay art, no harsh neon, no heavy black shadows, no random crop, no wrong perspective, no visible watermark."
batch_d_system_assets,tile,tile_grass_b_spring_64,02_runtime_exports/tiles/spring/tile_grass_b_spring_64.png,64x64,True,"Warm low-saturation storybook 2D game art, fixed 3/4 top-down rural village view, clear readable silhouettes, soft hand-painted texture, clean outlines, modular assets, cozy countryside life simulation, no combat, no horror, no modern sci-fi HUD. Create a seamless or edge-safe ground tile for tile_grass_b_spring_64; exact canvas 64x64 px; transparent background with clean alpha; readable material pattern without noisy detail.","Do not copy any existing game, anime, movie, or named artist style. No photorealism, no combat, no weapons, no monsters, no aggressive expressions, no text baked into gameplay art, no harsh neon, no heavy black shadows, no random crop, no wrong perspective, no visible watermark."
batch_d_system_assets,tile,tile_dirt_spring_64,02_runtime_exports/tiles/spring/tile_dirt_spring_64.png,64x64,True,"Warm low-saturation storybook 2D game art, fixed 3/4 top-down rural village view, clear readable silhouettes, soft hand-painted texture, clean outlines, modular assets, cozy countryside life simulation, no combat, no horror, no modern sci-fi HUD. Create a seamless or edge-safe ground tile for tile_dirt_spring_64; exact canvas 64x64 px; transparent background with clean alpha; readable material pattern without noisy detail.","Do not copy any existing game, anime, movie, or named artist style. No photorealism, no combat, no weapons, no monsters, no aggressive expressions, no text baked into gameplay art, no harsh neon, no heavy black shadows, no random crop, no wrong perspective, no visible watermark."
batch_d_system_assets,tile,tile_stone_path_spring_64,02_runtime_exports/tiles/spring/tile_stone_path_spring_64.png,64x64,True,"Warm low-saturation storybook 2D game art, fixed 3/4 top-down rural village view, clear readable silhouettes, soft hand-painted texture, clean outlines, modular assets, cozy countryside life simulation, no combat, no horror, no modern sci-fi HUD. Create a seamless or edge-safe ground tile for tile_stone_path_spring_64; exact canvas 64x64 px; transparent background with clean alpha; readable material pattern without noisy detail.","Do not copy any existing game, anime, movie, or named artist style. No photorealism, no combat, no weapons, no monsters, no aggressive expressions, no text baked into gameplay art, no harsh neon, no heavy black shadows, no random crop, no wrong perspective, no visible watermark."
batch_d_system_assets,tile,tile_field_tilled_dry_spring_64,02_runtime_exports/tiles/spring/tile_field_tilled_dry_spring_64.png,64x64,True,"Warm low-saturation storybook 2D game art, fixed 3/4 top-down rural village view, clear readable silhouettes, soft hand-painted texture, clean outlines, modular assets, cozy countryside life simulation, no combat, no horror, no modern sci-fi HUD. Create a seamless or edge-safe ground tile for tile_field_tilled_dry_spring_64; exact canvas 64x64 px; transparent background with clean alpha; readable material pattern without noisy detail.","Do not copy any existing game, anime, movie, or named artist style. No photorealism, no combat, no weapons, no monsters, no aggressive expressions, no text baked into gameplay art, no harsh neon, no heavy black shadows, no random crop, no wrong perspective, no visible watermark."
batch_d_system_assets,tile,tile_field_tilled_wet_spring_64,02_runtime_exports/tiles/spring/tile_field_tilled_wet_spring_64.png,64x64,True,"Warm low-saturation storybook 2D game art, fixed 3/4 top-down rural village view, clear readable silhouettes, soft hand-painted texture, clean outlines, modular assets, cozy countryside life simulation, no combat, no horror, no modern sci-fi HUD. Create a seamless or edge-safe ground tile for tile_field_tilled_wet_spring_64; exact canvas 64x64 px; transparent background with clean alpha; readable material pattern without noisy detail.","Do not copy any existing game, anime, movie, or named artist style. No photorealism, no combat, no weapons, no monsters, no aggressive expressions, no text baked into gameplay art, no harsh neon, no heavy black shadows, no random crop, no wrong perspective, no visible watermark."
batch_d_system_assets,tile,tile_water_edge_spring_64,02_runtime_exports/tiles/spring/tile_water_edge_spring_64.png,64x64,True,"Warm low-saturation storybook 2D game art, fixed 3/4 top-down rural village view, clear readable silhouettes, soft hand-painted texture, clean outlines, modular assets, cozy countryside life simulation, no combat, no horror, no modern sci-fi HUD. Create a seamless or edge-safe ground tile for tile_water_edge_spring_64; exact canvas 64x64 px; transparent background with clean alpha; readable material pattern without noisy detail.","Do not copy any existing game, anime, movie, or named artist style. No photorealism, no combat, no weapons, no monsters, no aggressive expressions, no text baked into gameplay art, no harsh neon, no heavy black shadows, no random crop, no wrong perspective, no visible watermark."
batch_d_system_assets,tile,tile_wood_floor_spring_64,02_runtime_exports/tiles/spring/tile_wood_floor_spring_64.png,64x64,True,"Warm low-saturation storybook 2D game art, fixed 3/4 top-down rural village view, clear readable silhouettes, soft hand-painted texture, clean outlines, modular assets, cozy countryside life simulation, no combat, no horror, no modern sci-fi HUD. Create a seamless or edge-safe ground tile for tile_wood_floor_spring_64; exact canvas 64x64 px; transparent background with clean alpha; readable material pattern without noisy detail.","Do not copy any existing game, anime, movie, or named artist style. No photorealism, no combat, no weapons, no monsters, no aggressive expressions, no text baked into gameplay art, no harsh neon, no heavy black shadows, no random crop, no wrong perspective, no visible watermark."
batch_d_system_assets,tile,tile_shadow_soft_spring_64,02_runtime_exports/tiles/spring/tile_shadow_soft_spring_64.png,64x64,True,"Warm low-saturation storybook 2D game art, fixed 3/4 top-down rural village view, clear readable silhouettes, soft hand-painted texture, clean outlines, modular assets, cozy countryside life simulation, no combat, no horror, no modern sci-fi HUD. Create a seamless or edge-safe ground tile for tile_shadow_soft_spring_64; exact canvas 64x64 px; transparent background with clean alpha; readable material pattern without noisy detail.","Do not copy any existing game, anime, movie, or named artist style. No photorealism, no combat, no weapons, no monsters, no aggressive expressions, no text baked into gameplay art, no harsh neon, no heavy black shadows, no random crop, no wrong perspective, no visible watermark."
batch_d_system_assets,tile,tile_grass_a_summer_64,02_runtime_exports/tiles/summer/tile_grass_a_summer_64.png,64x64,True,"Warm low-saturation storybook 2D game art, fixed 3/4 top-down rural village view, clear readable silhouettes, soft hand-painted texture, clean outlines, modular assets, cozy countryside life simulation, no combat, no horror, no modern sci-fi HUD. Create a seamless or edge-safe ground tile for tile_grass_a_summer_64; exact canvas 64x64 px; transparent background with clean alpha; readable material pattern without noisy detail.","Do not copy any existing game, anime, movie, or named artist style. No photorealism, no combat, no weapons, no monsters, no aggressive expressions, no text baked into gameplay art, no harsh neon, no heavy black shadows, no random crop, no wrong perspective, no visible watermark."
batch_d_system_assets,tile,tile_grass_b_summer_64,02_runtime_exports/tiles/summer/tile_grass_b_summer_64.png,64x64,True,"Warm low-saturation storybook 2D game art, fixed 3/4 top-down rural village view, clear readable silhouettes, soft hand-painted texture, clean outlines, modular assets, cozy countryside life simulation, no combat, no horror, no modern sci-fi HUD. Create a seamless or edge-safe ground tile for tile_grass_b_summer_64; exact canvas 64x64 px; transparent background with clean alpha; readable material pattern without noisy detail.","Do not copy any existing game, anime, movie, or named artist style. No photorealism, no combat, no weapons, no monsters, no aggressive expressions, no text baked into gameplay art, no harsh neon, no heavy black shadows, no random crop, no wrong perspective, no visible watermark."
batch_d_system_assets,tile,tile_dirt_summer_64,02_runtime_exports/tiles/summer/tile_dirt_summer_64.png,64x64,True,"Warm low-saturation storybook 2D game art, fixed 3/4 top-down rural village view, clear readable silhouettes, soft hand-painted texture, clean outlines, modular assets, cozy countryside life simulation, no combat, no horror, no modern sci-fi HUD. Create a seamless or edge-safe ground tile for tile_dirt_summer_64; exact canvas 64x64 px; transparent background with clean alpha; readable material pattern without noisy detail.","Do not copy any existing game, anime, movie, or named artist style. No photorealism, no combat, no weapons, no monsters, no aggressive expressions, no text baked into gameplay art, no harsh neon, no heavy black shadows, no random crop, no wrong perspective, no visible watermark."
batch_d_system_assets,tile,tile_stone_path_summer_64,02_runtime_exports/tiles/summer/tile_stone_path_summer_64.png,64x64,True,"Warm low-saturation storybook 2D game art, fixed 3/4 top-down rural village view, clear readable silhouettes, soft hand-painted texture, clean outlines, modular assets, cozy countryside life simulation, no combat, no horror, no modern sci-fi HUD. Create a seamless or edge-safe ground tile for tile_stone_path_summer_64; exact canvas 64x64 px; transparent background with clean alpha; readable material pattern without noisy detail.","Do not copy any existing game, anime, movie, or named artist style. No photorealism, no combat, no weapons, no monsters, no aggressive expressions, no text baked into gameplay art, no harsh neon, no heavy black shadows, no random crop, no wrong perspective, no visible watermark."
batch_d_system_assets,tile,tile_field_tilled_dry_summer_64,02_runtime_exports/tiles/summer/tile_field_tilled_dry_summer_64.png,64x64,True,"Warm low-saturation storybook 2D game art, fixed 3/4 top-down rural village view, clear readable silhouettes, soft hand-painted texture, clean outlines, modular assets, cozy countryside life simulation, no combat, no horror, no modern sci-fi HUD. Create a seamless or edge-safe ground tile for tile_field_tilled_dry_summer_64; exact canvas 64x64 px; transparent background with clean alpha; readable material pattern without noisy detail.","Do not copy any existing game, anime, movie, or named artist style. No photorealism, no combat, no weapons, no monsters, no aggressive expressions, no text baked into gameplay art, no harsh neon, no heavy black shadows, no random crop, no wrong perspective, no visible watermark."
batch_d_system_assets,tile,tile_field_tilled_wet_summer_64,02_runtime_exports/tiles/summer/tile_field_tilled_wet_summer_64.png,64x64,True,"Warm low-saturation storybook 2D game art, fixed 3/4 top-down rural village view, clear readable silhouettes, soft hand-painted texture, clean outlines, modular assets, cozy countryside life simulation, no combat, no horror, no modern sci-fi HUD. Create a seamless or edge-safe ground tile for tile_field_tilled_wet_summer_64; exact canvas 64x64 px; transparent background with clean alpha; readable material pattern without noisy detail.","Do not copy any existing game, anime, movie, or named artist style. No photorealism, no combat, no weapons, no monsters, no aggressive expressions, no text baked into gameplay art, no harsh neon, no heavy black shadows, no random crop, no wrong perspective, no visible watermark."
batch_d_system_assets,tile,tile_water_edge_summer_64,02_runtime_exports/tiles/summer/tile_water_edge_summer_64.png,64x64,True,"Warm low-saturation storybook 2D game art, fixed 3/4 top-down rural village view, clear readable silhouettes, soft hand-painted texture, clean outlines, modular assets, cozy countryside life simulation, no combat, no horror, no modern sci-fi HUD. Create a seamless or edge-safe ground tile for tile_water_edge_summer_64; exact canvas 64x64 px; transparent background with clean alpha; readable material pattern without noisy detail.","Do not copy any existing game, anime, movie, or named artist style. No photorealism, no combat, no weapons, no monsters, no aggressive expressions, no text baked into gameplay art, no harsh neon, no heavy black shadows, no random crop, no wrong perspective, no visible watermark."
batch_d_system_assets,tile,tile_wood_floor_summer_64,02_runtime_exports/tiles/summer/tile_wood_floor_summer_64.png,64x64,True,"Warm low-saturation storybook 2D game art, fixed 3/4 top-down rural village view, clear readable silhouettes, soft hand-painted texture, clean outlines, modular assets, cozy countryside life simulation, no combat, no horror, no modern sci-fi HUD. Create a seamless or edge-safe ground tile for tile_wood_floor_summer_64; exact canvas 64x64 px; transparent background with clean alpha; readable material pattern without noisy detail.","Do not copy any existing game, anime, movie, or named artist style. No photorealism, no combat, no weapons, no monsters, no aggressive expressions, no text baked into gameplay art, no harsh neon, no heavy black shadows, no random crop, no wrong perspective, no visible watermark."
batch_d_system_assets,tile,tile_shadow_soft_summer_64,02_runtime_exports/tiles/summer/tile_shadow_soft_summer_64.png,64x64,True,"Warm low-saturation storybook 2D game art, fixed 3/4 top-down rural village view, clear readable silhouettes, soft hand-painted texture, clean outlines, modular assets, cozy countryside life simulation, no combat, no horror, no modern sci-fi HUD. Create a seamless or edge-safe ground tile for tile_shadow_soft_summer_64; exact canvas 64x64 px; transparent background with clean alpha; readable material pattern without noisy detail.","Do not copy any existing game, anime, movie, or named artist style. No photorealism, no combat, no weapons, no monsters, no aggressive expressions, no text baked into gameplay art, no harsh neon, no heavy black shadows, no random crop, no wrong perspective, no visible watermark."
batch_d_system_assets,tile,tile_grass_a_autumn_64,02_runtime_exports/tiles/autumn/tile_grass_a_autumn_64.png,64x64,True,"Warm low-saturation storybook 2D game art, fixed 3/4 top-down rural village view, clear readable silhouettes, soft hand-painted texture, clean outlines, modular assets, cozy countryside life simulation, no combat, no horror, no modern sci-fi HUD. Create a seamless or edge-safe ground tile for tile_grass_a_autumn_64; exact canvas 64x64 px; transparent background with clean alpha; readable material pattern without noisy detail.","Do not copy any existing game, anime, movie, or named artist style. No photorealism, no combat, no weapons, no monsters, no aggressive expressions, no text baked into gameplay art, no harsh neon, no heavy black shadows, no random crop, no wrong perspective, no visible watermark."
batch_d_system_assets,tile,tile_grass_b_autumn_64,02_runtime_exports/tiles/autumn/tile_grass_b_autumn_64.png,64x64,True,"Warm low-saturation storybook 2D game art, fixed 3/4 top-down rural village view, clear readable silhouettes, soft hand-painted texture, clean outlines, modular assets, cozy countryside life simulation, no combat, no horror, no modern sci-fi HUD. Create a seamless or edge-safe ground tile for tile_grass_b_autumn_64; exact canvas 64x64 px; transparent background with clean alpha; readable material pattern without noisy detail.","Do not copy any existing game, anime, movie, or named artist style. No photorealism, no combat, no weapons, no monsters, no aggressive expressions, no text baked into gameplay art, no harsh neon, no heavy black shadows, no random crop, no wrong perspective, no visible watermark."
batch_d_system_assets,tile,tile_dirt_autumn_64,02_runtime_exports/tiles/autumn/tile_dirt_autumn_64.png,64x64,True,"Warm low-saturation storybook 2D game art, fixed 3/4 top-down rural village view, clear readable silhouettes, soft hand-painted texture, clean outlines, modular assets, cozy countryside life simulation, no combat, no horror, no modern sci-fi HUD. Create a seamless or edge-safe ground tile for tile_dirt_autumn_64; exact canvas 64x64 px; transparent background with clean alpha; readable material pattern without noisy detail.","Do not copy any existing game, anime, movie, or named artist style. No photorealism, no combat, no weapons, no monsters, no aggressive expressions, no text baked into gameplay art, no harsh neon, no heavy black shadows, no random crop, no wrong perspective, no visible watermark."
batch_d_system_assets,tile,tile_stone_path_autumn_64,02_runtime_exports/tiles/autumn/tile_stone_path_autumn_64.png,64x64,True,"Warm low-saturation storybook 2D game art, fixed 3/4 top-down rural village view, clear readable silhouettes, soft hand-painted texture, clean outlines, modular assets, cozy countryside life simulation, no combat, no horror, no modern sci-fi HUD. Create a seamless or edge-safe ground tile for tile_stone_path_autumn_64; exact canvas 64x64 px; transparent background with clean alpha; readable material pattern without noisy detail.","Do not copy any existing game, anime, movie, or named artist style. No photorealism, no combat, no weapons, no monsters, no aggressive expressions, no text baked into gameplay art, no harsh neon, no heavy black shadows, no random crop, no wrong perspective, no visible watermark."
batch_d_system_assets,tile,tile_field_tilled_dry_autumn_64,02_runtime_exports/tiles/autumn/tile_field_tilled_dry_autumn_64.png,64x64,True,"Warm low-saturation storybook 2D game art, fixed 3/4 top-down rural village view, clear readable silhouettes, soft hand-painted texture, clean outlines, modular assets, cozy countryside life simulation, no combat, no horror, no modern sci-fi HUD. Create a seamless or edge-safe ground tile for tile_field_tilled_dry_autumn_64; exact canvas 64x64 px; transparent background with clean alpha; readable material pattern without noisy detail.","Do not copy any existing game, anime, movie, or named artist style. No photorealism, no combat, no weapons, no monsters, no aggressive expressions, no text baked into gameplay art, no harsh neon, no heavy black shadows, no random crop, no wrong perspective, no visible watermark."
batch_d_system_assets,tile,tile_field_tilled_wet_autumn_64,02_runtime_exports/tiles/autumn/tile_field_tilled_wet_autumn_64.png,64x64,True,"Warm low-saturation storybook 2D game art, fixed 3/4 top-down rural village view, clear readable silhouettes, soft hand-painted texture, clean outlines, modular assets, cozy countryside life simulation, no combat, no horror, no modern sci-fi HUD. Create a seamless or edge-safe ground tile for tile_field_tilled_wet_autumn_64; exact canvas 64x64 px; transparent background with clean alpha; readable material pattern without noisy detail.","Do not copy any existing game, anime, movie, or named artist style. No photorealism, no combat, no weapons, no monsters, no aggressive expressions, no text baked into gameplay art, no harsh neon, no heavy black shadows, no random crop, no wrong perspective, no visible watermark."
batch_d_system_assets,tile,tile_water_edge_autumn_64,02_runtime_exports/tiles/autumn/tile_water_edge_autumn_64.png,64x64,True,"Warm low-saturation storybook 2D game art, fixed 3/4 top-down rural village view, clear readable silhouettes, soft hand-painted texture, clean outlines, modular assets, cozy countryside life simulation, no combat, no horror, no modern sci-fi HUD. Create a seamless or edge-safe ground tile for tile_water_edge_autumn_64; exact canvas 64x64 px; transparent background with clean alpha; readable material pattern without noisy detail.","Do not copy any existing game, anime, movie, or named artist style. No photorealism, no combat, no weapons, no monsters, no aggressive expressions, no text baked into gameplay art, no harsh neon, no heavy black shadows, no random crop, no wrong perspective, no visible watermark."
batch_d_system_assets,tile,tile_wood_floor_autumn_64,02_runtime_exports/tiles/autumn/tile_wood_floor_autumn_64.png,64x64,True,"Warm low-saturation storybook 2D game art, fixed 3/4 top-down rural village view, clear readable silhouettes, soft hand-painted texture, clean outlines, modular assets, cozy countryside life simulation, no combat, no horror, no modern sci-fi HUD. Create a seamless or edge-safe ground tile for tile_wood_floor_autumn_64; exact canvas 64x64 px; transparent background with clean alpha; readable material pattern without noisy detail.","Do not copy any existing game, anime, movie, or named artist style. No photorealism, no combat, no weapons, no monsters, no aggressive expressions, no text baked into gameplay art, no harsh neon, no heavy black shadows, no random crop, no wrong perspective, no visible watermark."
batch_d_system_assets,tile,tile_shadow_soft_autumn_64,02_runtime_exports/tiles/autumn/tile_shadow_soft_autumn_64.png,64x64,True,"Warm low-saturation storybook 2D game art, fixed 3/4 top-down rural village view, clear readable silhouettes, soft hand-painted texture, clean outlines, modular assets, cozy countryside life simulation, no combat, no horror, no modern sci-fi HUD. Create a seamless or edge-safe ground tile for tile_shadow_soft_autumn_64; exact canvas 64x64 px; transparent background with clean alpha; readable material pattern without noisy detail.","Do not copy any existing game, anime, movie, or named artist style. No photorealism, no combat, no weapons, no monsters, no aggressive expressions, no text baked into gameplay art, no harsh neon, no heavy black shadows, no random crop, no wrong perspective, no visible watermark."
batch_d_system_assets,tile,tile_grass_a_winter_64,02_runtime_exports/tiles/winter/tile_grass_a_winter_64.png,64x64,True,"Warm low-saturation storybook 2D game art, fixed 3/4 top-down rural village view, clear readable silhouettes, soft hand-painted texture, clean outlines, modular assets, cozy countryside life simulation, no combat, no horror, no modern sci-fi HUD. Create a seamless or edge-safe ground tile for tile_grass_a_winter_64; exact canvas 64x64 px; transparent background with clean alpha; readable material pattern without noisy detail.","Do not copy any existing game, anime, movie, or named artist style. No photorealism, no combat, no weapons, no monsters, no aggressive expressions, no text baked into gameplay art, no harsh neon, no heavy black shadows, no random crop, no wrong perspective, no visible watermark."
batch_d_system_assets,tile,tile_grass_b_winter_64,02_runtime_exports/tiles/winter/tile_grass_b_winter_64.png,64x64,True,"Warm low-saturation storybook 2D game art, fixed 3/4 top-down rural village view, clear readable silhouettes, soft hand-painted texture, clean outlines, modular assets, cozy countryside life simulation, no combat, no horror, no modern sci-fi HUD. Create a seamless or edge-safe ground tile for tile_grass_b_winter_64; exact canvas 64x64 px; transparent background with clean alpha; readable material pattern without noisy detail.","Do not copy any existing game, anime, movie, or named artist style. No photorealism, no combat, no weapons, no monsters, no aggressive expressions, no text baked into gameplay art, no harsh neon, no heavy black shadows, no random crop, no wrong perspective, no visible watermark."
batch_d_system_assets,tile,tile_dirt_winter_64,02_runtime_exports/tiles/winter/tile_dirt_winter_64.png,64x64,True,"Warm low-saturation storybook 2D game art, fixed 3/4 top-down rural village view, clear readable silhouettes, soft hand-painted texture, clean outlines, modular assets, cozy countryside life simulation, no combat, no horror, no modern sci-fi HUD. Create a seamless or edge-safe ground tile for tile_dirt_winter_64; exact canvas 64x64 px; transparent background with clean alpha; readable material pattern without noisy detail.","Do not copy any existing game, anime, movie, or named artist style. No photorealism, no combat, no weapons, no monsters, no aggressive expressions, no text baked into gameplay art, no harsh neon, no heavy black shadows, no random crop, no wrong perspective, no visible watermark."
batch_d_system_assets,tile,tile_stone_path_winter_64,02_runtime_exports/tiles/winter/tile_stone_path_winter_64.png,64x64,True,"Warm low-saturation storybook 2D game art, fixed 3/4 top-down rural village view, clear readable silhouettes, soft hand-painted texture, clean outlines, modular assets, cozy countryside life simulation, no combat, no horror, no modern sci-fi HUD. Create a seamless or edge-safe ground tile for tile_stone_path_winter_64; exact canvas 64x64 px; transparent background with clean alpha; readable material pattern without noisy detail.","Do not copy any existing game, anime, movie, or named artist style. No photorealism, no combat, no weapons, no monsters, no aggressive expressions, no text baked into gameplay art, no harsh neon, no heavy black shadows, no random crop, no wrong perspective, no visible watermark."
batch_d_system_assets,tile,tile_field_tilled_dry_winter_64,02_runtime_exports/tiles/winter/tile_field_tilled_dry_winter_64.png,64x64,True,"Warm low-saturation storybook 2D game art, fixed 3/4 top-down rural village view, clear readable silhouettes, soft hand-painted texture, clean outlines, modular assets, cozy countryside life simulation, no combat, no horror, no modern sci-fi HUD. Create a seamless or edge-safe ground tile for tile_field_tilled_dry_winter_64; exact canvas 64x64 px; transparent background with clean alpha; readable material pattern without noisy detail.","Do not copy any existing game, anime, movie, or named artist style. No photorealism, no combat, no weapons, no monsters, no aggressive expressions, no text baked into gameplay art, no harsh neon, no heavy black shadows, no random crop, no wrong perspective, no visible watermark."
batch_d_system_assets,tile,tile_field_tilled_wet_winter_64,02_runtime_exports/tiles/winter/tile_field_tilled_wet_winter_64.png,64x64,True,"Warm low-saturation storybook 2D game art, fixed 3/4 top-down rural village view, clear readable silhouettes, soft hand-painted texture, clean outlines, modular assets, cozy countryside life simulation, no combat, no horror, no modern sci-fi HUD. Create a seamless or edge-safe ground tile for tile_field_tilled_wet_winter_64; exact canvas 64x64 px; transparent background with clean alpha; readable material pattern without noisy detail.","Do not copy any existing game, anime, movie, or named artist style. No photorealism, no combat, no weapons, no monsters, no aggressive expressions, no text baked into gameplay art, no harsh neon, no heavy black shadows, no random crop, no wrong perspective, no visible watermark."
batch_d_system_assets,tile,tile_water_edge_winter_64,02_runtime_exports/tiles/winter/tile_water_edge_winter_64.png,64x64,True,"Warm low-saturation storybook 2D game art, fixed 3/4 top-down rural village view, clear readable silhouettes, soft hand-painted texture, clean outlines, modular assets, cozy countryside life simulation, no combat, no horror, no modern sci-fi HUD. Create a seamless or edge-safe ground tile for tile_water_edge_winter_64; exact canvas 64x64 px; transparent background with clean alpha; readable material pattern without noisy detail.","Do not copy any existing game, anime, movie, or named artist style. No photorealism, no combat, no weapons, no monsters, no aggressive expressions, no text baked into gameplay art, no harsh neon, no heavy black shadows, no random crop, no wrong perspective, no visible watermark."
batch_d_system_assets,tile,tile_wood_floor_winter_64,02_runtime_exports/tiles/winter/tile_wood_floor_winter_64.png,64x64,True,"Warm low-saturation storybook 2D game art, fixed 3/4 top-down rural village view, clear readable silhouettes, soft hand-painted texture, clean outlines, modular assets, cozy countryside life simulation, no combat, no horror, no modern sci-fi HUD. Create a seamless or edge-safe ground tile for tile_wood_floor_winter_64; exact canvas 64x64 px; transparent background with clean alpha; readable material pattern without noisy detail.","Do not copy any existing game, anime, movie, or named artist style. No photorealism, no combat, no weapons, no monsters, no aggressive expressions, no text baked into gameplay art, no harsh neon, no heavy black shadows, no random crop, no wrong perspective, no visible watermark."
batch_d_system_assets,tile,tile_shadow_soft_winter_64,02_runtime_exports/tiles/winter/tile_shadow_soft_winter_64.png,64x64,True,"Warm low-saturation storybook 2D game art, fixed 3/4 top-down rural village view, clear readable silhouettes, soft hand-painted texture, clean outlines, modular assets, cozy countryside life simulation, no combat, no horror, no modern sci-fi HUD. Create a seamless or edge-safe ground tile for tile_shadow_soft_winter_64; exact canvas 64x64 px; transparent background with clean alpha; readable material pattern without noisy detail.","Do not copy any existing game, anime, movie, or named artist style. No photorealism, no combat, no weapons, no monsters, no aggressive expressions, no text baked into gameplay art, no harsh neon, no heavy black shadows, no random crop, no wrong perspective, no visible watermark."
batch_d_system_assets,crop,turnip_spring,02_runtime_exports/crops/spring/crop_turnip_spring_stage_00_spring_64.png,64x64,True,"Warm low-saturation storybook 2D game art, fixed 3/4 top-down rural village view, clear readable silhouettes, soft hand-painted texture, clean outlines, modular assets, cozy countryside life simulation, no combat, no horror, no modern sci-fi HUD. Create a crop growth-stage sprite for turnip_spring; exact canvas 64x64 px; transparent background with clean alpha; readable plant stage, centered on tile footprint.","Do not copy any existing game, anime, movie, or named artist style. No photorealism, no combat, no weapons, no monsters, no aggressive expressions, no text baked into gameplay art, no harsh neon, no heavy black shadows, no random crop, no wrong perspective, no visible watermark."
batch_d_system_assets,crop,turnip_spring,02_runtime_exports/crops/spring/crop_turnip_spring_stage_01_spring_64.png,64x64,True,"Warm low-saturation storybook 2D game art, fixed 3/4 top-down rural village view, clear readable silhouettes, soft hand-painted texture, clean outlines, modular assets, cozy countryside life simulation, no combat, no horror, no modern sci-fi HUD. Create a crop growth-stage sprite for turnip_spring; exact canvas 64x64 px; transparent background with clean alpha; readable plant stage, centered on tile footprint.","Do not copy any existing game, anime, movie, or named artist style. No photorealism, no combat, no weapons, no monsters, no aggressive expressions, no text baked into gameplay art, no harsh neon, no heavy black shadows, no random crop, no wrong perspective, no visible watermark."
batch_d_system_assets,crop,turnip_spring,02_runtime_exports/crops/spring/crop_turnip_spring_stage_02_spring_64.png,64x64,True,"Warm low-saturation storybook 2D game art, fixed 3/4 top-down rural village view, clear readable silhouettes, soft hand-painted texture, clean outlines, modular assets, cozy countryside life simulation, no combat, no horror, no modern sci-fi HUD. Create a crop growth-stage sprite for turnip_spring; exact canvas 64x64 px; transparent background with clean alpha; readable plant stage, centered on tile footprint.","Do not copy any existing game, anime, movie, or named artist style. No photorealism, no combat, no weapons, no monsters, no aggressive expressions, no text baked into gameplay art, no harsh neon, no heavy black shadows, no random crop, no wrong perspective, no visible watermark."
batch_d_system_assets,crop,turnip_spring,02_runtime_exports/crops/spring/crop_turnip_spring_stage_03_spring_64.png,64x64,True,"Warm low-saturation storybook 2D game art, fixed 3/4 top-down rural village view, clear readable silhouettes, soft hand-painted texture, clean outlines, modular assets, cozy countryside life simulation, no combat, no horror, no modern sci-fi HUD. Create a crop growth-stage sprite for turnip_spring; exact canvas 64x64 px; transparent background with clean alpha; readable plant stage, centered on tile footprint.","Do not copy any existing game, anime, movie, or named artist style. No photorealism, no combat, no weapons, no monsters, no aggressive expressions, no text baked into gameplay art, no harsh neon, no heavy black shadows, no random crop, no wrong perspective, no visible watermark."
batch_d_system_assets,crop,turnip_spring,02_runtime_exports/crops/summer/crop_turnip_spring_stage_00_summer_64.png,64x64,True,"Warm low-saturation storybook 2D game art, fixed 3/4 top-down rural village view, clear readable silhouettes, soft hand-painted texture, clean outlines, modular assets, cozy countryside life simulation, no combat, no horror, no modern sci-fi HUD. Create a crop growth-stage sprite for turnip_spring; exact canvas 64x64 px; transparent background with clean alpha; readable plant stage, centered on tile footprint.","Do not copy any existing game, anime, movie, or named artist style. No photorealism, no combat, no weapons, no monsters, no aggressive expressions, no text baked into gameplay art, no harsh neon, no heavy black shadows, no random crop, no wrong perspective, no visible watermark."
batch_d_system_assets,crop,turnip_spring,02_runtime_exports/crops/summer/crop_turnip_spring_stage_01_summer_64.png,64x64,True,"Warm low-saturation storybook 2D game art, fixed 3/4 top-down rural village view, clear readable silhouettes, soft hand-painted texture, clean outlines, modular assets, cozy countryside life simulation, no combat, no horror, no modern sci-fi HUD. Create a crop growth-stage sprite for turnip_spring; exact canvas 64x64 px; transparent background with clean alpha; readable plant stage, centered on tile footprint.","Do not copy any existing game, anime, movie, or named artist style. No photorealism, no combat, no weapons, no monsters, no aggressive expressions, no text baked into gameplay art, no harsh neon, no heavy black shadows, no random crop, no wrong perspective, no visible watermark."
batch_d_system_assets,crop,turnip_spring,02_runtime_exports/crops/summer/crop_turnip_spring_stage_02_summer_64.png,64x64,True,"Warm low-saturation storybook 2D game art, fixed 3/4 top-down rural village view, clear readable silhouettes, soft hand-painted texture, clean outlines, modular assets, cozy countryside life simulation, no combat, no horror, no modern sci-fi HUD. Create a crop growth-stage sprite for turnip_spring; exact canvas 64x64 px; transparent background with clean alpha; readable plant stage, centered on tile footprint.","Do not copy any existing game, anime, movie, or named artist style. No photorealism, no combat, no weapons, no monsters, no aggressive expressions, no text baked into gameplay art, no harsh neon, no heavy black shadows, no random crop, no wrong perspective, no visible watermark."
batch_d_system_assets,crop,turnip_spring,02_runtime_exports/crops/summer/crop_turnip_spring_stage_03_summer_64.png,64x64,True,"Warm low-saturation storybook 2D game art, fixed 3/4 top-down rural village view, clear readable silhouettes, soft hand-painted texture, clean outlines, modular assets, cozy countryside life simulation, no combat, no horror, no modern sci-fi HUD. Create a crop growth-stage sprite for turnip_spring; exact canvas 64x64 px; transparent background with clean alpha; readable plant stage, centered on tile footprint.","Do not copy any existing game, anime, movie, or named artist style. No photorealism, no combat, no weapons, no monsters, no aggressive expressions, no text baked into gameplay art, no harsh neon, no heavy black shadows, no random crop, no wrong perspective, no visible watermark."
batch_d_system_assets,crop,turnip_spring,02_runtime_exports/crops/autumn/crop_turnip_spring_stage_00_autumn_64.png,64x64,True,"Warm low-saturation storybook 2D game art, fixed 3/4 top-down rural village view, clear readable silhouettes, soft hand-painted texture, clean outlines, modular assets, cozy countryside life simulation, no combat, no horror, no modern sci-fi HUD. Create a crop growth-stage sprite for turnip_spring; exact canvas 64x64 px; transparent background with clean alpha; readable plant stage, centered on tile footprint.","Do not copy any existing game, anime, movie, or named artist style. No photorealism, no combat, no weapons, no monsters, no aggressive expressions, no text baked into gameplay art, no harsh neon, no heavy black shadows, no random crop, no wrong perspective, no visible watermark."
batch_d_system_assets,crop,turnip_spring,02_runtime_exports/crops/autumn/crop_turnip_spring_stage_01_autumn_64.png,64x64,True,"Warm low-saturation storybook 2D game art, fixed 3/4 top-down rural village view, clear readable silhouettes, soft hand-painted texture, clean outlines, modular assets, cozy countryside life simulation, no combat, no horror, no modern sci-fi HUD. Create a crop growth-stage sprite for turnip_spring; exact canvas 64x64 px; transparent background with clean alpha; readable plant stage, centered on tile footprint.","Do not copy any existing game, anime, movie, or named artist style. No photorealism, no combat, no weapons, no monsters, no aggressive expressions, no text baked into gameplay art, no harsh neon, no heavy black shadows, no random crop, no wrong perspective, no visible watermark."
batch_d_system_assets,crop,turnip_spring,02_runtime_exports/crops/autumn/crop_turnip_spring_stage_02_autumn_64.png,64x64,True,"Warm low-saturation storybook 2D game art, fixed 3/4 top-down rural village view, clear readable silhouettes, soft hand-painted texture, clean outlines, modular assets, cozy countryside life simulation, no combat, no horror, no modern sci-fi HUD. Create a crop growth-stage sprite for turnip_spring; exact canvas 64x64 px; transparent background with clean alpha; readable plant stage, centered on tile footprint.","Do not copy any existing game, anime, movie, or named artist style. No photorealism, no combat, no weapons, no monsters, no aggressive expressions, no text baked into gameplay art, no harsh neon, no heavy black shadows, no random crop, no wrong perspective, no visible watermark."
batch_d_system_assets,crop,turnip_spring,02_runtime_exports/crops/autumn/crop_turnip_spring_stage_03_autumn_64.png,64x64,True,"Warm low-saturation storybook 2D game art, fixed 3/4 top-down rural village view, clear readable silhouettes, soft hand-painted texture, clean outlines, modular assets, cozy countryside life simulation, no combat, no horror, no modern sci-fi HUD. Create a crop growth-stage sprite for turnip_spring; exact canvas 64x64 px; transparent background with clean alpha; readable plant stage, centered on tile footprint.","Do not copy any existing game, anime, movie, or named artist style. No photorealism, no combat, no weapons, no monsters, no aggressive expressions, no text baked into gameplay art, no harsh neon, no heavy black shadows, no random crop, no wrong perspective, no visible watermark."
batch_d_system_assets,crop,turnip_spring,02_runtime_exports/crops/winter/crop_turnip_spring_stage_00_winter_64.png,64x64,True,"Warm low-saturation storybook 2D game art, fixed 3/4 top-down rural village view, clear readable silhouettes, soft hand-painted texture, clean outlines, modular assets, cozy countryside life simulation, no combat, no horror, no modern sci-fi HUD. Create a crop growth-stage sprite for turnip_spring; exact canvas 64x64 px; transparent background with clean alpha; readable plant stage, centered on tile footprint.","Do not copy any existing game, anime, movie, or named artist style. No photorealism, no combat, no weapons, no monsters, no aggressive expressions, no text baked into gameplay art, no harsh neon, no heavy black shadows, no random crop, no wrong perspective, no visible watermark."
batch_d_system_assets,crop,turnip_spring,02_runtime_exports/crops/winter/crop_turnip_spring_stage_01_winter_64.png,64x64,True,"Warm low-saturation storybook 2D game art, fixed 3/4 top-down rural village view, clear readable silhouettes, soft hand-painted texture, clean outlines, modular assets, cozy countryside life simulation, no combat, no horror, no modern sci-fi HUD. Create a crop growth-stage sprite for turnip_spring; exact canvas 64x64 px; transparent background with clean alpha; readable plant stage, centered on tile footprint.","Do not copy any existing game, anime, movie, or named artist style. No photorealism, no combat, no weapons, no monsters, no aggressive expressions, no text baked into gameplay art, no harsh neon, no heavy black shadows, no random crop, no wrong perspective, no visible watermark."
batch_d_system_assets,crop,turnip_spring,02_runtime_exports/crops/winter/crop_turnip_spring_stage_02_winter_64.png,64x64,True,"Warm low-saturation storybook 2D game art, fixed 3/4 top-down rural village view, clear readable silhouettes, soft hand-painted texture, clean outlines, modular assets, cozy countryside life simulation, no combat, no horror, no modern sci-fi HUD. Create a crop growth-stage sprite for turnip_spring; exact canvas 64x64 px; transparent background with clean alpha; readable plant stage, centered on tile footprint.","Do not copy any existing game, anime, movie, or named artist style. No photorealism, no combat, no weapons, no monsters, no aggressive expressions, no text baked into gameplay art, no harsh neon, no heavy black shadows, no random crop, no wrong perspective, no visible watermark."
batch_d_system_assets,crop,turnip_spring,02_runtime_exports/crops/winter/crop_turnip_spring_stage_03_winter_64.png,64x64,True,"Warm low-saturation storybook 2D game art, fixed 3/4 top-down rural village view, clear readable silhouettes, soft hand-painted texture, clean outlines, modular assets, cozy countryside life simulation, no combat, no horror, no modern sci-fi HUD. Create a crop growth-stage sprite for turnip_spring; exact canvas 64x64 px; transparent background with clean alpha; readable plant stage, centered on tile footprint.","Do not copy any existing game, anime, movie, or named artist style. No photorealism, no combat, no weapons, no monsters, no aggressive expressions, no text baked into gameplay art, no harsh neon, no heavy black shadows, no random crop, no wrong perspective, no visible watermark."
batch_d_system_assets,crop,strawberry_spring,02_runtime_exports/crops/spring/crop_strawberry_spring_stage_00_spring_64.png,64x64,True,"Warm low-saturation storybook 2D game art, fixed 3/4 top-down rural village view, clear readable silhouettes, soft hand-painted texture, clean outlines, modular assets, cozy countryside life simulation, no combat, no horror, no modern sci-fi HUD. Create a crop growth-stage sprite for strawberry_spring; exact canvas 64x64 px; transparent background with clean alpha; readable plant stage, centered on tile footprint.","Do not copy any existing game, anime, movie, or named artist style. No photorealism, no combat, no weapons, no monsters, no aggressive expressions, no text baked into gameplay art, no harsh neon, no heavy black shadows, no random crop, no wrong perspective, no visible watermark."
batch_d_system_assets,crop,strawberry_spring,02_runtime_exports/crops/spring/crop_strawberry_spring_stage_01_spring_64.png,64x64,True,"Warm low-saturation storybook 2D game art, fixed 3/4 top-down rural village view, clear readable silhouettes, soft hand-painted texture, clean outlines, modular assets, cozy countryside life simulation, no combat, no horror, no modern sci-fi HUD. Create a crop growth-stage sprite for strawberry_spring; exact canvas 64x64 px; transparent background with clean alpha; readable plant stage, centered on tile footprint.","Do not copy any existing game, anime, movie, or named artist style. No photorealism, no combat, no weapons, no monsters, no aggressive expressions, no text baked into gameplay art, no harsh neon, no heavy black shadows, no random crop, no wrong perspective, no visible watermark."
batch_d_system_assets,crop,strawberry_spring,02_runtime_exports/crops/spring/crop_strawberry_spring_stage_02_spring_64.png,64x64,True,"Warm low-saturation storybook 2D game art, fixed 3/4 top-down rural village view, clear readable silhouettes, soft hand-painted texture, clean outlines, modular assets, cozy countryside life simulation, no combat, no horror, no modern sci-fi HUD. Create a crop growth-stage sprite for strawberry_spring; exact canvas 64x64 px; transparent background with clean alpha; readable plant stage, centered on tile footprint.","Do not copy any existing game, anime, movie, or named artist style. No photorealism, no combat, no weapons, no monsters, no aggressive expressions, no text baked into gameplay art, no harsh neon, no heavy black shadows, no random crop, no wrong perspective, no visible watermark."
batch_d_system_assets,crop,strawberry_spring,02_runtime_exports/crops/spring/crop_strawberry_spring_stage_03_spring_64.png,64x64,True,"Warm low-saturation storybook 2D game art, fixed 3/4 top-down rural village view, clear readable silhouettes, soft hand-painted texture, clean outlines, modular assets, cozy countryside life simulation, no combat, no horror, no modern sci-fi HUD. Create a crop growth-stage sprite for strawberry_spring; exact canvas 64x64 px; transparent background with clean alpha; readable plant stage, centered on tile footprint.","Do not copy any existing game, anime, movie, or named artist style. No photorealism, no combat, no weapons, no monsters, no aggressive expressions, no text baked into gameplay art, no harsh neon, no heavy black shadows, no random crop, no wrong perspective, no visible watermark."
batch_d_system_assets,crop,strawberry_spring,02_runtime_exports/crops/summer/crop_strawberry_spring_stage_00_summer_64.png,64x64,True,"Warm low-saturation storybook 2D game art, fixed 3/4 top-down rural village view, clear readable silhouettes, soft hand-painted texture, clean outlines, modular assets, cozy countryside life simulation, no combat, no horror, no modern sci-fi HUD. Create a crop growth-stage sprite for strawberry_spring; exact canvas 64x64 px; transparent background with clean alpha; readable plant stage, centered on tile footprint.","Do not copy any existing game, anime, movie, or named artist style. No photorealism, no combat, no weapons, no monsters, no aggressive expressions, no text baked into gameplay art, no harsh neon, no heavy black shadows, no random crop, no wrong perspective, no visible watermark."
batch_d_system_assets,crop,strawberry_spring,02_runtime_exports/crops/summer/crop_strawberry_spring_stage_01_summer_64.png,64x64,True,"Warm low-saturation storybook 2D game art, fixed 3/4 top-down rural village view, clear readable silhouettes, soft hand-painted texture, clean outlines, modular assets, cozy countryside life simulation, no combat, no horror, no modern sci-fi HUD. Create a crop growth-stage sprite for strawberry_spring; exact canvas 64x64 px; transparent background with clean alpha; readable plant stage, centered on tile footprint.","Do not copy any existing game, anime, movie, or named artist style. No photorealism, no combat, no weapons, no monsters, no aggressive expressions, no text baked into gameplay art, no harsh neon, no heavy black shadows, no random crop, no wrong perspective, no visible watermark."
batch_d_system_assets,crop,strawberry_spring,02_runtime_exports/crops/summer/crop_strawberry_spring_stage_02_summer_64.png,64x64,True,"Warm low-saturation storybook 2D game art, fixed 3/4 top-down rural village view, clear readable silhouettes, soft hand-painted texture, clean outlines, modular assets, cozy countryside life simulation, no combat, no horror, no modern sci-fi HUD. Create a crop growth-stage sprite for strawberry_spring; exact canvas 64x64 px; transparent background with clean alpha; readable plant stage, centered on tile footprint.","Do not copy any existing game, anime, movie, or named artist style. No photorealism, no combat, no weapons, no monsters, no aggressive expressions, no text baked into gameplay art, no harsh neon, no heavy black shadows, no random crop, no wrong perspective, no visible watermark."
batch_d_system_assets,crop,strawberry_spring,02_runtime_exports/crops/summer/crop_strawberry_spring_stage_03_summer_64.png,64x64,True,"Warm low-saturation storybook 2D game art, fixed 3/4 top-down rural village view, clear readable silhouettes, soft hand-painted texture, clean outlines, modular assets, cozy countryside life simulation, no combat, no horror, no modern sci-fi HUD. Create a crop growth-stage sprite for strawberry_spring; exact canvas 64x64 px; transparent background with clean alpha; readable plant stage, centered on tile footprint.","Do not copy any existing game, anime, movie, or named artist style. No photorealism, no combat, no weapons, no monsters, no aggressive expressions, no text baked into gameplay art, no harsh neon, no heavy black shadows, no random crop, no wrong perspective, no visible watermark."
batch_d_system_assets,crop,strawberry_spring,02_runtime_exports/crops/autumn/crop_strawberry_spring_stage_00_autumn_64.png,64x64,True,"Warm low-saturation storybook 2D game art, fixed 3/4 top-down rural village view, clear readable silhouettes, soft hand-painted texture, clean outlines, modular assets, cozy countryside life simulation, no combat, no horror, no modern sci-fi HUD. Create a crop growth-stage sprite for strawberry_spring; exact canvas 64x64 px; transparent background with clean alpha; readable plant stage, centered on tile footprint.","Do not copy any existing game, anime, movie, or named artist style. No photorealism, no combat, no weapons, no monsters, no aggressive expressions, no text baked into gameplay art, no harsh neon, no heavy black shadows, no random crop, no wrong perspective, no visible watermark."
batch_d_system_assets,crop,strawberry_spring,02_runtime_exports/crops/autumn/crop_strawberry_spring_stage_01_autumn_64.png,64x64,True,"Warm low-saturation storybook 2D game art, fixed 3/4 top-down rural village view, clear readable silhouettes, soft hand-painted texture, clean outlines, modular assets, cozy countryside life simulation, no combat, no horror, no modern sci-fi HUD. Create a crop growth-stage sprite for strawberry_spring; exact canvas 64x64 px; transparent background with clean alpha; readable plant stage, centered on tile footprint.","Do not copy any existing game, anime, movie, or named artist style. No photorealism, no combat, no weapons, no monsters, no aggressive expressions, no text baked into gameplay art, no harsh neon, no heavy black shadows, no random crop, no wrong perspective, no visible watermark."
batch_d_system_assets,crop,strawberry_spring,02_runtime_exports/crops/autumn/crop_strawberry_spring_stage_02_autumn_64.png,64x64,True,"Warm low-saturation storybook 2D game art, fixed 3/4 top-down rural village view, clear readable silhouettes, soft hand-painted texture, clean outlines, modular assets, cozy countryside life simulation, no combat, no horror, no modern sci-fi HUD. Create a crop growth-stage sprite for strawberry_spring; exact canvas 64x64 px; transparent background with clean alpha; readable plant stage, centered on tile footprint.","Do not copy any existing game, anime, movie, or named artist style. No photorealism, no combat, no weapons, no monsters, no aggressive expressions, no text baked into gameplay art, no harsh neon, no heavy black shadows, no random crop, no wrong perspective, no visible watermark."
batch_d_system_assets,crop,strawberry_spring,02_runtime_exports/crops/autumn/crop_strawberry_spring_stage_03_autumn_64.png,64x64,True,"Warm low-saturation storybook 2D game art, fixed 3/4 top-down rural village view, clear readable silhouettes, soft hand-painted texture, clean outlines, modular assets, cozy countryside life simulation, no combat, no horror, no modern sci-fi HUD. Create a crop growth-stage sprite for strawberry_spring; exact canvas 64x64 px; transparent background with clean alpha; readable plant stage, centered on tile footprint.","Do not copy any existing game, anime, movie, or named artist style. No photorealism, no combat, no weapons, no monsters, no aggressive expressions, no text baked into gameplay art, no harsh neon, no heavy black shadows, no random crop, no wrong perspective, no visible watermark."
batch_d_system_assets,crop,strawberry_spring,02_runtime_exports/crops/winter/crop_strawberry_spring_stage_00_winter_64.png,64x64,True,"Warm low-saturation storybook 2D game art, fixed 3/4 top-down rural village view, clear readable silhouettes, soft hand-painted texture, clean outlines, modular assets, cozy countryside life simulation, no combat, no horror, no modern sci-fi HUD. Create a crop growth-stage sprite for strawberry_spring; exact canvas 64x64 px; transparent background with clean alpha; readable plant stage, centered on tile footprint.","Do not copy any existing game, anime, movie, or named artist style. No photorealism, no combat, no weapons, no monsters, no aggressive expressions, no text baked into gameplay art, no harsh neon, no heavy black shadows, no random crop, no wrong perspective, no visible watermark."
batch_d_system_assets,crop,strawberry_spring,02_runtime_exports/crops/winter/crop_strawberry_spring_stage_01_winter_64.png,64x64,True,"Warm low-saturation storybook 2D game art, fixed 3/4 top-down rural village view, clear readable silhouettes, soft hand-painted texture, clean outlines, modular assets, cozy countryside life simulation, no combat, no horror, no modern sci-fi HUD. Create a crop growth-stage sprite for strawberry_spring; exact canvas 64x64 px; transparent background with clean alpha; readable plant stage, centered on tile footprint.","Do not copy any existing game, anime, movie, or named artist style. No photorealism, no combat, no weapons, no monsters, no aggressive expressions, no text baked into gameplay art, no harsh neon, no heavy black shadows, no random crop, no wrong perspective, no visible watermark."
batch_d_system_assets,crop,strawberry_spring,02_runtime_exports/crops/winter/crop_strawberry_spring_stage_02_winter_64.png,64x64,True,"Warm low-saturation storybook 2D game art, fixed 3/4 top-down rural village view, clear readable silhouettes, soft hand-painted texture, clean outlines, modular assets, cozy countryside life simulation, no combat, no horror, no modern sci-fi HUD. Create a crop growth-stage sprite for strawberry_spring; exact canvas 64x64 px; transparent background with clean alpha; readable plant stage, centered on tile footprint.","Do not copy any existing game, anime, movie, or named artist style. No photorealism, no combat, no weapons, no monsters, no aggressive expressions, no text baked into gameplay art, no harsh neon, no heavy black shadows, no random crop, no wrong perspective, no visible watermark."
batch_d_system_assets,crop,strawberry_spring,02_runtime_exports/crops/winter/crop_strawberry_spring_stage_03_winter_64.png,64x64,True,"Warm low-saturation storybook 2D game art, fixed 3/4 top-down rural village view, clear readable silhouettes, soft hand-painted texture, clean outlines, modular assets, cozy countryside life simulation, no combat, no horror, no modern sci-fi HUD. Create a crop growth-stage sprite for strawberry_spring; exact canvas 64x64 px; transparent background with clean alpha; readable plant stage, centered on tile footprint.","Do not copy any existing game, anime, movie, or named artist style. No photorealism, no combat, no weapons, no monsters, no aggressive expressions, no text baked into gameplay art, no harsh neon, no heavy black shadows, no random crop, no wrong perspective, no visible watermark."
batch_d_system_assets,crop,potato_spring,02_runtime_exports/crops/spring/crop_potato_spring_stage_00_spring_64.png,64x64,True,"Warm low-saturation storybook 2D game art, fixed 3/4 top-down rural village view, clear readable silhouettes, soft hand-painted texture, clean outlines, modular assets, cozy countryside life simulation, no combat, no horror, no modern sci-fi HUD. Create a crop growth-stage sprite for potato_spring; exact canvas 64x64 px; transparent background with clean alpha; readable plant stage, centered on tile footprint.","Do not copy any existing game, anime, movie, or named artist style. No photorealism, no combat, no weapons, no monsters, no aggressive expressions, no text baked into gameplay art, no harsh neon, no heavy black shadows, no random crop, no wrong perspective, no visible watermark."
batch_d_system_assets,crop,potato_spring,02_runtime_exports/crops/spring/crop_potato_spring_stage_01_spring_64.png,64x64,True,"Warm low-saturation storybook 2D game art, fixed 3/4 top-down rural village view, clear readable silhouettes, soft hand-painted texture, clean outlines, modular assets, cozy countryside life simulation, no combat, no horror, no modern sci-fi HUD. Create a crop growth-stage sprite for potato_spring; exact canvas 64x64 px; transparent background with clean alpha; readable plant stage, centered on tile footprint.","Do not copy any existing game, anime, movie, or named artist style. No photorealism, no combat, no weapons, no monsters, no aggressive expressions, no text baked into gameplay art, no harsh neon, no heavy black shadows, no random crop, no wrong perspective, no visible watermark."
batch_d_system_assets,crop,potato_spring,02_runtime_exports/crops/spring/crop_potato_spring_stage_02_spring_64.png,64x64,True,"Warm low-saturation storybook 2D game art, fixed 3/4 top-down rural village view, clear readable silhouettes, soft hand-painted texture, clean outlines, modular assets, cozy countryside life simulation, no combat, no horror, no modern sci-fi HUD. Create a crop growth-stage sprite for potato_spring; exact canvas 64x64 px; transparent background with clean alpha; readable plant stage, centered on tile footprint.","Do not copy any existing game, anime, movie, or named artist style. No photorealism, no combat, no weapons, no monsters, no aggressive expressions, no text baked into gameplay art, no harsh neon, no heavy black shadows, no random crop, no wrong perspective, no visible watermark."
batch_d_system_assets,crop,potato_spring,02_runtime_exports/crops/spring/crop_potato_spring_stage_03_spring_64.png,64x64,True,"Warm low-saturation storybook 2D game art, fixed 3/4 top-down rural village view, clear readable silhouettes, soft hand-painted texture, clean outlines, modular assets, cozy countryside life simulation, no combat, no horror, no modern sci-fi HUD. Create a crop growth-stage sprite for potato_spring; exact canvas 64x64 px; transparent background with clean alpha; readable plant stage, centered on tile footprint.","Do not copy any existing game, anime, movie, or named artist style. No photorealism, no combat, no weapons, no monsters, no aggressive expressions, no text baked into gameplay art, no harsh neon, no heavy black shadows, no random crop, no wrong perspective, no visible watermark."
batch_d_system_assets,crop,potato_spring,02_runtime_exports/crops/summer/crop_potato_spring_stage_00_summer_64.png,64x64,True,"Warm low-saturation storybook 2D game art, fixed 3/4 top-down rural village view, clear readable silhouettes, soft hand-painted texture, clean outlines, modular assets, cozy countryside life simulation, no combat, no horror, no modern sci-fi HUD. Create a crop growth-stage sprite for potato_spring; exact canvas 64x64 px; transparent background with clean alpha; readable plant stage, centered on tile footprint.","Do not copy any existing game, anime, movie, or named artist style. No photorealism, no combat, no weapons, no monsters, no aggressive expressions, no text baked into gameplay art, no harsh neon, no heavy black shadows, no random crop, no wrong perspective, no visible watermark."
batch_d_system_assets,crop,potato_spring,02_runtime_exports/crops/summer/crop_potato_spring_stage_01_summer_64.png,64x64,True,"Warm low-saturation storybook 2D game art, fixed 3/4 top-down rural village view, clear readable silhouettes, soft hand-painted texture, clean outlines, modular assets, cozy countryside life simulation, no combat, no horror, no modern sci-fi HUD. Create a crop growth-stage sprite for potato_spring; exact canvas 64x64 px; transparent background with clean alpha; readable plant stage, centered on tile footprint.","Do not copy any existing game, anime, movie, or named artist style. No photorealism, no combat, no weapons, no monsters, no aggressive expressions, no text baked into gameplay art, no harsh neon, no heavy black shadows, no random crop, no wrong perspective, no visible watermark."
batch_d_system_assets,crop,potato_spring,02_runtime_exports/crops/summer/crop_potato_spring_stage_02_summer_64.png,64x64,True,"Warm low-saturation storybook 2D game art, fixed 3/4 top-down rural village view, clear readable silhouettes, soft hand-painted texture, clean outlines, modular assets, cozy countryside life simulation, no combat, no horror, no modern sci-fi HUD. Create a crop growth-stage sprite for potato_spring; exact canvas 64x64 px; transparent background with clean alpha; readable plant stage, centered on tile footprint.","Do not copy any existing game, anime, movie, or named artist style. No photorealism, no combat, no weapons, no monsters, no aggressive expressions, no text baked into gameplay art, no harsh neon, no heavy black shadows, no random crop, no wrong perspective, no visible watermark."
batch_d_system_assets,crop,potato_spring,02_runtime_exports/crops/summer/crop_potato_spring_stage_03_summer_64.png,64x64,True,"Warm low-saturation storybook 2D game art, fixed 3/4 top-down rural village view, clear readable silhouettes, soft hand-painted texture, clean outlines, modular assets, cozy countryside life simulation, no combat, no horror, no modern sci-fi HUD. Create a crop growth-stage sprite for potato_spring; exact canvas 64x64 px; transparent background with clean alpha; readable plant stage, centered on tile footprint.","Do not copy any existing game, anime, movie, or named artist style. No photorealism, no combat, no weapons, no monsters, no aggressive expressions, no text baked into gameplay art, no harsh neon, no heavy black shadows, no random crop, no wrong perspective, no visible watermark."
batch_d_system_assets,crop,potato_spring,02_runtime_exports/crops/autumn/crop_potato_spring_stage_00_autumn_64.png,64x64,True,"Warm low-saturation storybook 2D game art, fixed 3/4 top-down rural village view, clear readable silhouettes, soft hand-painted texture, clean outlines, modular assets, cozy countryside life simulation, no combat, no horror, no modern sci-fi HUD. Create a crop growth-stage sprite for potato_spring; exact canvas 64x64 px; transparent background with clean alpha; readable plant stage, centered on tile footprint.","Do not copy any existing game, anime, movie, or named artist style. No photorealism, no combat, no weapons, no monsters, no aggressive expressions, no text baked into gameplay art, no harsh neon, no heavy black shadows, no random crop, no wrong perspective, no visible watermark."
batch_d_system_assets,crop,potato_spring,02_runtime_exports/crops/autumn/crop_potato_spring_stage_01_autumn_64.png,64x64,True,"Warm low-saturation storybook 2D game art, fixed 3/4 top-down rural village view, clear readable silhouettes, soft hand-painted texture, clean outlines, modular assets, cozy countryside life simulation, no combat, no horror, no modern sci-fi HUD. Create a crop growth-stage sprite for potato_spring; exact canvas 64x64 px; transparent background with clean alpha; readable plant stage, centered on tile footprint.","Do not copy any existing game, anime, movie, or named artist style. No photorealism, no combat, no weapons, no monsters, no aggressive expressions, no text baked into gameplay art, no harsh neon, no heavy black shadows, no random crop, no wrong perspective, no visible watermark."
batch_d_system_assets,crop,potato_spring,02_runtime_exports/crops/autumn/crop_potato_spring_stage_02_autumn_64.png,64x64,True,"Warm low-saturation storybook 2D game art, fixed 3/4 top-down rural village view, clear readable silhouettes, soft hand-painted texture, clean outlines, modular assets, cozy countryside life simulation, no combat, no horror, no modern sci-fi HUD. Create a crop growth-stage sprite for potato_spring; exact canvas 64x64 px; transparent background with clean alpha; readable plant stage, centered on tile footprint.","Do not copy any existing game, anime, movie, or named artist style. No photorealism, no combat, no weapons, no monsters, no aggressive expressions, no text baked into gameplay art, no harsh neon, no heavy black shadows, no random crop, no wrong perspective, no visible watermark."
batch_d_system_assets,crop,potato_spring,02_runtime_exports/crops/autumn/crop_potato_spring_stage_03_autumn_64.png,64x64,True,"Warm low-saturation storybook 2D game art, fixed 3/4 top-down rural village view, clear readable silhouettes, soft hand-painted texture, clean outlines, modular assets, cozy countryside life simulation, no combat, no horror, no modern sci-fi HUD. Create a crop growth-stage sprite for potato_spring; exact canvas 64x64 px; transparent background with clean alpha; readable plant stage, centered on tile footprint.","Do not copy any existing game, anime, movie, or named artist style. No photorealism, no combat, no weapons, no monsters, no aggressive expressions, no text baked into gameplay art, no harsh neon, no heavy black shadows, no random crop, no wrong perspective, no visible watermark."
batch_d_system_assets,crop,potato_spring,02_runtime_exports/crops/winter/crop_potato_spring_stage_00_winter_64.png,64x64,True,"Warm low-saturation storybook 2D game art, fixed 3/4 top-down rural village view, clear readable silhouettes, soft hand-painted texture, clean outlines, modular assets, cozy countryside life simulation, no combat, no horror, no modern sci-fi HUD. Create a crop growth-stage sprite for potato_spring; exact canvas 64x64 px; transparent background with clean alpha; readable plant stage, centered on tile footprint.","Do not copy any existing game, anime, movie, or named artist style. No photorealism, no combat, no weapons, no monsters, no aggressive expressions, no text baked into gameplay art, no harsh neon, no heavy black shadows, no random crop, no wrong perspective, no visible watermark."
batch_d_system_assets,crop,potato_spring,02_runtime_exports/crops/winter/crop_potato_spring_stage_01_winter_64.png,64x64,True,"Warm low-saturation storybook 2D game art, fixed 3/4 top-down rural village view, clear readable silhouettes, soft hand-painted texture, clean outlines, modular assets, cozy countryside life simulation, no combat, no horror, no modern sci-fi HUD. Create a crop growth-stage sprite for potato_spring; exact canvas 64x64 px; transparent background with clean alpha; readable plant stage, centered on tile footprint.","Do not copy any existing game, anime, movie, or named artist style. No photorealism, no combat, no weapons, no monsters, no aggressive expressions, no text baked into gameplay art, no harsh neon, no heavy black shadows, no random crop, no wrong perspective, no visible watermark."
batch_d_system_assets,crop,potato_spring,02_runtime_exports/crops/winter/crop_potato_spring_stage_02_winter_64.png,64x64,True,"Warm low-saturation storybook 2D game art, fixed 3/4 top-down rural village view, clear readable silhouettes, soft hand-painted texture, clean outlines, modular assets, cozy countryside life simulation, no combat, no horror, no modern sci-fi HUD. Create a crop growth-stage sprite for potato_spring; exact canvas 64x64 px; transparent background with clean alpha; readable plant stage, centered on tile footprint.","Do not copy any existing game, anime, movie, or named artist style. No photorealism, no combat, no weapons, no monsters, no aggressive expressions, no text baked into gameplay art, no harsh neon, no heavy black shadows, no random crop, no wrong perspective, no visible watermark."
batch_d_system_assets,crop,potato_spring,02_runtime_exports/crops/winter/crop_potato_spring_stage_03_winter_64.png,64x64,True,"Warm low-saturation storybook 2D game art, fixed 3/4 top-down rural village view, clear readable silhouettes, soft hand-painted texture, clean outlines, modular assets, cozy countryside life simulation, no combat, no horror, no modern sci-fi HUD. Create a crop growth-stage sprite for potato_spring; exact canvas 64x64 px; transparent background with clean alpha; readable plant stage, centered on tile footprint.","Do not copy any existing game, anime, movie, or named artist style. No photorealism, no combat, no weapons, no monsters, no aggressive expressions, no text baked into gameplay art, no harsh neon, no heavy black shadows, no random crop, no wrong perspective, no visible watermark."
batch_d_system_assets,crop,cucumber_summer,02_runtime_exports/crops/spring/crop_cucumber_summer_stage_00_spring_64.png,64x64,True,"Warm low-saturation storybook 2D game art, fixed 3/4 top-down rural village view, clear readable silhouettes, soft hand-painted texture, clean outlines, modular assets, cozy countryside life simulation, no combat, no horror, no modern sci-fi HUD. Create a crop growth-stage sprite for cucumber_summer; exact canvas 64x64 px; transparent background with clean alpha; readable plant stage, centered on tile footprint.","Do not copy any existing game, anime, movie, or named artist style. No photorealism, no combat, no weapons, no monsters, no aggressive expressions, no text baked into gameplay art, no harsh neon, no heavy black shadows, no random crop, no wrong perspective, no visible watermark."
batch_d_system_assets,crop,cucumber_summer,02_runtime_exports/crops/spring/crop_cucumber_summer_stage_01_spring_64.png,64x64,True,"Warm low-saturation storybook 2D game art, fixed 3/4 top-down rural village view, clear readable silhouettes, soft hand-painted texture, clean outlines, modular assets, cozy countryside life simulation, no combat, no horror, no modern sci-fi HUD. Create a crop growth-stage sprite for cucumber_summer; exact canvas 64x64 px; transparent background with clean alpha; readable plant stage, centered on tile footprint.","Do not copy any existing game, anime, movie, or named artist style. No photorealism, no combat, no weapons, no monsters, no aggressive expressions, no text baked into gameplay art, no harsh neon, no heavy black shadows, no random crop, no wrong perspective, no visible watermark."
batch_d_system_assets,crop,cucumber_summer,02_runtime_exports/crops/spring/crop_cucumber_summer_stage_02_spring_64.png,64x64,True,"Warm low-saturation storybook 2D game art, fixed 3/4 top-down rural village view, clear readable silhouettes, soft hand-painted texture, clean outlines, modular assets, cozy countryside life simulation, no combat, no horror, no modern sci-fi HUD. Create a crop growth-stage sprite for cucumber_summer; exact canvas 64x64 px; transparent background with clean alpha; readable plant stage, centered on tile footprint.","Do not copy any existing game, anime, movie, or named artist style. No photorealism, no combat, no weapons, no monsters, no aggressive expressions, no text baked into gameplay art, no harsh neon, no heavy black shadows, no random crop, no wrong perspective, no visible watermark."
batch_d_system_assets,crop,cucumber_summer,02_runtime_exports/crops/spring/crop_cucumber_summer_stage_03_spring_64.png,64x64,True,"Warm low-saturation storybook 2D game art, fixed 3/4 top-down rural village view, clear readable silhouettes, soft hand-painted texture, clean outlines, modular assets, cozy countryside life simulation, no combat, no horror, no modern sci-fi HUD. Create a crop growth-stage sprite for cucumber_summer; exact canvas 64x64 px; transparent background with clean alpha; readable plant stage, centered on tile footprint.","Do not copy any existing game, anime, movie, or named artist style. No photorealism, no combat, no weapons, no monsters, no aggressive expressions, no text baked into gameplay art, no harsh neon, no heavy black shadows, no random crop, no wrong perspective, no visible watermark."
batch_d_system_assets,crop,cucumber_summer,02_runtime_exports/crops/summer/crop_cucumber_summer_stage_00_summer_64.png,64x64,True,"Warm low-saturation storybook 2D game art, fixed 3/4 top-down rural village view, clear readable silhouettes, soft hand-painted texture, clean outlines, modular assets, cozy countryside life simulation, no combat, no horror, no modern sci-fi HUD. Create a crop growth-stage sprite for cucumber_summer; exact canvas 64x64 px; transparent background with clean alpha; readable plant stage, centered on tile footprint.","Do not copy any existing game, anime, movie, or named artist style. No photorealism, no combat, no weapons, no monsters, no aggressive expressions, no text baked into gameplay art, no harsh neon, no heavy black shadows, no random crop, no wrong perspective, no visible watermark."
batch_d_system_assets,crop,cucumber_summer,02_runtime_exports/crops/summer/crop_cucumber_summer_stage_01_summer_64.png,64x64,True,"Warm low-saturation storybook 2D game art, fixed 3/4 top-down rural village view, clear readable silhouettes, soft hand-painted texture, clean outlines, modular assets, cozy countryside life simulation, no combat, no horror, no modern sci-fi HUD. Create a crop growth-stage sprite for cucumber_summer; exact canvas 64x64 px; transparent background with clean alpha; readable plant stage, centered on tile footprint.","Do not copy any existing game, anime, movie, or named artist style. No photorealism, no combat, no weapons, no monsters, no aggressive expressions, no text baked into gameplay art, no harsh neon, no heavy black shadows, no random crop, no wrong perspective, no visible watermark."
batch_d_system_assets,crop,cucumber_summer,02_runtime_exports/crops/summer/crop_cucumber_summer_stage_02_summer_64.png,64x64,True,"Warm low-saturation storybook 2D game art, fixed 3/4 top-down rural village view, clear readable silhouettes, soft hand-painted texture, clean outlines, modular assets, cozy countryside life simulation, no combat, no horror, no modern sci-fi HUD. Create a crop growth-stage sprite for cucumber_summer; exact canvas 64x64 px; transparent background with clean alpha; readable plant stage, centered on tile footprint.","Do not copy any existing game, anime, movie, or named artist style. No photorealism, no combat, no weapons, no monsters, no aggressive expressions, no text baked into gameplay art, no harsh neon, no heavy black shadows, no random crop, no wrong perspective, no visible watermark."
batch_d_system_assets,crop,cucumber_summer,02_runtime_exports/crops/summer/crop_cucumber_summer_stage_03_summer_64.png,64x64,True,"Warm low-saturation storybook 2D game art, fixed 3/4 top-down rural village view, clear readable silhouettes, soft hand-painted texture, clean outlines, modular assets, cozy countryside life simulation, no combat, no horror, no modern sci-fi HUD. Create a crop growth-stage sprite for cucumber_summer; exact canvas 64x64 px; transparent background with clean alpha; readable plant stage, centered on tile footprint.","Do not copy any existing game, anime, movie, or named artist style. No photorealism, no combat, no weapons, no monsters, no aggressive expressions, no text baked into gameplay art, no harsh neon, no heavy black shadows, no random crop, no wrong perspective, no visible watermark."
batch_d_system_assets,crop,cucumber_summer,02_runtime_exports/crops/autumn/crop_cucumber_summer_stage_00_autumn_64.png,64x64,True,"Warm low-saturation storybook 2D game art, fixed 3/4 top-down rural village view, clear readable silhouettes, soft hand-painted texture, clean outlines, modular assets, cozy countryside life simulation, no combat, no horror, no modern sci-fi HUD. Create a crop growth-stage sprite for cucumber_summer; exact canvas 64x64 px; transparent background with clean alpha; readable plant stage, centered on tile footprint.","Do not copy any existing game, anime, movie, or named artist style. No photorealism, no combat, no weapons, no monsters, no aggressive expressions, no text baked into gameplay art, no harsh neon, no heavy black shadows, no random crop, no wrong perspective, no visible watermark."
batch_d_system_assets,crop,cucumber_summer,02_runtime_exports/crops/autumn/crop_cucumber_summer_stage_01_autumn_64.png,64x64,True,"Warm low-saturation storybook 2D game art, fixed 3/4 top-down rural village view, clear readable silhouettes, soft hand-painted texture, clean outlines, modular assets, cozy countryside life simulation, no combat, no horror, no modern sci-fi HUD. Create a crop growth-stage sprite for cucumber_summer; exact canvas 64x64 px; transparent background with clean alpha; readable plant stage, centered on tile footprint.","Do not copy any existing game, anime, movie, or named artist style. No photorealism, no combat, no weapons, no monsters, no aggressive expressions, no text baked into gameplay art, no harsh neon, no heavy black shadows, no random crop, no wrong perspective, no visible watermark."
batch_d_system_assets,crop,cucumber_summer,02_runtime_exports/crops/autumn/crop_cucumber_summer_stage_02_autumn_64.png,64x64,True,"Warm low-saturation storybook 2D game art, fixed 3/4 top-down rural village view, clear readable silhouettes, soft hand-painted texture, clean outlines, modular assets, cozy countryside life simulation, no combat, no horror, no modern sci-fi HUD. Create a crop growth-stage sprite for cucumber_summer; exact canvas 64x64 px; transparent background with clean alpha; readable plant stage, centered on tile footprint.","Do not copy any existing game, anime, movie, or named artist style. No photorealism, no combat, no weapons, no monsters, no aggressive expressions, no text baked into gameplay art, no harsh neon, no heavy black shadows, no random crop, no wrong perspective, no visible watermark."
batch_d_system_assets,crop,cucumber_summer,02_runtime_exports/crops/autumn/crop_cucumber_summer_stage_03_autumn_64.png,64x64,True,"Warm low-saturation storybook 2D game art, fixed 3/4 top-down rural village view, clear readable silhouettes, soft hand-painted texture, clean outlines, modular assets, cozy countryside life simulation, no combat, no horror, no modern sci-fi HUD. Create a crop growth-stage sprite for cucumber_summer; exact canvas 64x64 px; transparent background with clean alpha; readable plant stage, centered on tile footprint.","Do not copy any existing game, anime, movie, or named artist style. No photorealism, no combat, no weapons, no monsters, no aggressive expressions, no text baked into gameplay art, no harsh neon, no heavy black shadows, no random crop, no wrong perspective, no visible watermark."
batch_d_system_assets,crop,cucumber_summer,02_runtime_exports/crops/winter/crop_cucumber_summer_stage_00_winter_64.png,64x64,True,"Warm low-saturation storybook 2D game art, fixed 3/4 top-down rural village view, clear readable silhouettes, soft hand-painted texture, clean outlines, modular assets, cozy countryside life simulation, no combat, no horror, no modern sci-fi HUD. Create a crop growth-stage sprite for cucumber_summer; exact canvas 64x64 px; transparent background with clean alpha; readable plant stage, centered on tile footprint.","Do not copy any existing game, anime, movie, or named artist style. No photorealism, no combat, no weapons, no monsters, no aggressive expressions, no text baked into gameplay art, no harsh neon, no heavy black shadows, no random crop, no wrong perspective, no visible watermark."
batch_d_system_assets,crop,cucumber_summer,02_runtime_exports/crops/winter/crop_cucumber_summer_stage_01_winter_64.png,64x64,True,"Warm low-saturation storybook 2D game art, fixed 3/4 top-down rural village view, clear readable silhouettes, soft hand-painted texture, clean outlines, modular assets, cozy countryside life simulation, no combat, no horror, no modern sci-fi HUD. Create a crop growth-stage sprite for cucumber_summer; exact canvas 64x64 px; transparent background with clean alpha; readable plant stage, centered on tile footprint.","Do not copy any existing game, anime, movie, or named artist style. No photorealism, no combat, no weapons, no monsters, no aggressive expressions, no text baked into gameplay art, no harsh neon, no heavy black shadows, no random crop, no wrong perspective, no visible watermark."
batch_d_system_assets,crop,cucumber_summer,02_runtime_exports/crops/winter/crop_cucumber_summer_stage_02_winter_64.png,64x64,True,"Warm low-saturation storybook 2D game art, fixed 3/4 top-down rural village view, clear readable silhouettes, soft hand-painted texture, clean outlines, modular assets, cozy countryside life simulation, no combat, no horror, no modern sci-fi HUD. Create a crop growth-stage sprite for cucumber_summer; exact canvas 64x64 px; transparent background with clean alpha; readable plant stage, centered on tile footprint.","Do not copy any existing game, anime, movie, or named artist style. No photorealism, no combat, no weapons, no monsters, no aggressive expressions, no text baked into gameplay art, no harsh neon, no heavy black shadows, no random crop, no wrong perspective, no visible watermark."
batch_d_system_assets,crop,cucumber_summer,02_runtime_exports/crops/winter/crop_cucumber_summer_stage_03_winter_64.png,64x64,True,"Warm low-saturation storybook 2D game art, fixed 3/4 top-down rural village view, clear readable silhouettes, soft hand-painted texture, clean outlines, modular assets, cozy countryside life simulation, no combat, no horror, no modern sci-fi HUD. Create a crop growth-stage sprite for cucumber_summer; exact canvas 64x64 px; transparent background with clean alpha; readable plant stage, centered on tile footprint.","Do not copy any existing game, anime, movie, or named artist style. No photorealism, no combat, no weapons, no monsters, no aggressive expressions, no text baked into gameplay art, no harsh neon, no heavy black shadows, no random crop, no wrong perspective, no visible watermark."
batch_d_system_assets,crop,tomato_summer,02_runtime_exports/crops/spring/crop_tomato_summer_stage_00_spring_64.png,64x64,True,"Warm low-saturation storybook 2D game art, fixed 3/4 top-down rural village view, clear readable silhouettes, soft hand-painted texture, clean outlines, modular assets, cozy countryside life simulation, no combat, no horror, no modern sci-fi HUD. Create a crop growth-stage sprite for tomato_summer; exact canvas 64x64 px; transparent background with clean alpha; readable plant stage, centered on tile footprint.","Do not copy any existing game, anime, movie, or named artist style. No photorealism, no combat, no weapons, no monsters, no aggressive expressions, no text baked into gameplay art, no harsh neon, no heavy black shadows, no random crop, no wrong perspective, no visible watermark."
batch_d_system_assets,crop,tomato_summer,02_runtime_exports/crops/spring/crop_tomato_summer_stage_01_spring_64.png,64x64,True,"Warm low-saturation storybook 2D game art, fixed 3/4 top-down rural village view, clear readable silhouettes, soft hand-painted texture, clean outlines, modular assets, cozy countryside life simulation, no combat, no horror, no modern sci-fi HUD. Create a crop growth-stage sprite for tomato_summer; exact canvas 64x64 px; transparent background with clean alpha; readable plant stage, centered on tile footprint.","Do not copy any existing game, anime, movie, or named artist style. No photorealism, no combat, no weapons, no monsters, no aggressive expressions, no text baked into gameplay art, no harsh neon, no heavy black shadows, no random crop, no wrong perspective, no visible watermark."
batch_d_system_assets,crop,tomato_summer,02_runtime_exports/crops/spring/crop_tomato_summer_stage_02_spring_64.png,64x64,True,"Warm low-saturation storybook 2D game art, fixed 3/4 top-down rural village view, clear readable silhouettes, soft hand-painted texture, clean outlines, modular assets, cozy countryside life simulation, no combat, no horror, no modern sci-fi HUD. Create a crop growth-stage sprite for tomato_summer; exact canvas 64x64 px; transparent background with clean alpha; readable plant stage, centered on tile footprint.","Do not copy any existing game, anime, movie, or named artist style. No photorealism, no combat, no weapons, no monsters, no aggressive expressions, no text baked into gameplay art, no harsh neon, no heavy black shadows, no random crop, no wrong perspective, no visible watermark."
batch_d_system_assets,crop,tomato_summer,02_runtime_exports/crops/spring/crop_tomato_summer_stage_03_spring_64.png,64x64,True,"Warm low-saturation storybook 2D game art, fixed 3/4 top-down rural village view, clear readable silhouettes, soft hand-painted texture, clean outlines, modular assets, cozy countryside life simulation, no combat, no horror, no modern sci-fi HUD. Create a crop growth-stage sprite for tomato_summer; exact canvas 64x64 px; transparent background with clean alpha; readable plant stage, centered on tile footprint.","Do not copy any existing game, anime, movie, or named artist style. No photorealism, no combat, no weapons, no monsters, no aggressive expressions, no text baked into gameplay art, no harsh neon, no heavy black shadows, no random crop, no wrong perspective, no visible watermark."
batch_d_system_assets,crop,tomato_summer,02_runtime_exports/crops/summer/crop_tomato_summer_stage_00_summer_64.png,64x64,True,"Warm low-saturation storybook 2D game art, fixed 3/4 top-down rural village view, clear readable silhouettes, soft hand-painted texture, clean outlines, modular assets, cozy countryside life simulation, no combat, no horror, no modern sci-fi HUD. Create a crop growth-stage sprite for tomato_summer; exact canvas 64x64 px; transparent background with clean alpha; readable plant stage, centered on tile footprint.","Do not copy any existing game, anime, movie, or named artist style. No photorealism, no combat, no weapons, no monsters, no aggressive expressions, no text baked into gameplay art, no harsh neon, no heavy black shadows, no random crop, no wrong perspective, no visible watermark."
batch_d_system_assets,crop,tomato_summer,02_runtime_exports/crops/summer/crop_tomato_summer_stage_01_summer_64.png,64x64,True,"Warm low-saturation storybook 2D game art, fixed 3/4 top-down rural village view, clear readable silhouettes, soft hand-painted texture, clean outlines, modular assets, cozy countryside life simulation, no combat, no horror, no modern sci-fi HUD. Create a crop growth-stage sprite for tomato_summer; exact canvas 64x64 px; transparent background with clean alpha; readable plant stage, centered on tile footprint.","Do not copy any existing game, anime, movie, or named artist style. No photorealism, no combat, no weapons, no monsters, no aggressive expressions, no text baked into gameplay art, no harsh neon, no heavy black shadows, no random crop, no wrong perspective, no visible watermark."
batch_d_system_assets,crop,tomato_summer,02_runtime_exports/crops/summer/crop_tomato_summer_stage_02_summer_64.png,64x64,True,"Warm low-saturation storybook 2D game art, fixed 3/4 top-down rural village view, clear readable silhouettes, soft hand-painted texture, clean outlines, modular assets, cozy countryside life simulation, no combat, no horror, no modern sci-fi HUD. Create a crop growth-stage sprite for tomato_summer; exact canvas 64x64 px; transparent background with clean alpha; readable plant stage, centered on tile footprint.","Do not copy any existing game, anime, movie, or named artist style. No photorealism, no combat, no weapons, no monsters, no aggressive expressions, no text baked into gameplay art, no harsh neon, no heavy black shadows, no random crop, no wrong perspective, no visible watermark."
batch_d_system_assets,crop,tomato_summer,02_runtime_exports/crops/summer/crop_tomato_summer_stage_03_summer_64.png,64x64,True,"Warm low-saturation storybook 2D game art, fixed 3/4 top-down rural village view, clear readable silhouettes, soft hand-painted texture, clean outlines, modular assets, cozy countryside life simulation, no combat, no horror, no modern sci-fi HUD. Create a crop growth-stage sprite for tomato_summer; exact canvas 64x64 px; transparent background with clean alpha; readable plant stage, centered on tile footprint.","Do not copy any existing game, anime, movie, or named artist style. No photorealism, no combat, no weapons, no monsters, no aggressive expressions, no text baked into gameplay art, no harsh neon, no heavy black shadows, no random crop, no wrong perspective, no visible watermark."
batch_d_system_assets,crop,tomato_summer,02_runtime_exports/crops/autumn/crop_tomato_summer_stage_00_autumn_64.png,64x64,True,"Warm low-saturation storybook 2D game art, fixed 3/4 top-down rural village view, clear readable silhouettes, soft hand-painted texture, clean outlines, modular assets, cozy countryside life simulation, no combat, no horror, no modern sci-fi HUD. Create a crop growth-stage sprite for tomato_summer; exact canvas 64x64 px; transparent background with clean alpha; readable plant stage, centered on tile footprint.","Do not copy any existing game, anime, movie, or named artist style. No photorealism, no combat, no weapons, no monsters, no aggressive expressions, no text baked into gameplay art, no harsh neon, no heavy black shadows, no random crop, no wrong perspective, no visible watermark."
batch_d_system_assets,crop,tomato_summer,02_runtime_exports/crops/autumn/crop_tomato_summer_stage_01_autumn_64.png,64x64,True,"Warm low-saturation storybook 2D game art, fixed 3/4 top-down rural village view, clear readable silhouettes, soft hand-painted texture, clean outlines, modular assets, cozy countryside life simulation, no combat, no horror, no modern sci-fi HUD. Create a crop growth-stage sprite for tomato_summer; exact canvas 64x64 px; transparent background with clean alpha; readable plant stage, centered on tile footprint.","Do not copy any existing game, anime, movie, or named artist style. No photorealism, no combat, no weapons, no monsters, no aggressive expressions, no text baked into gameplay art, no harsh neon, no heavy black shadows, no random crop, no wrong perspective, no visible watermark."
batch_d_system_assets,crop,tomato_summer,02_runtime_exports/crops/autumn/crop_tomato_summer_stage_02_autumn_64.png,64x64,True,"Warm low-saturation storybook 2D game art, fixed 3/4 top-down rural village view, clear readable silhouettes, soft hand-painted texture, clean outlines, modular assets, cozy countryside life simulation, no combat, no horror, no modern sci-fi HUD. Create a crop growth-stage sprite for tomato_summer; exact canvas 64x64 px; transparent background with clean alpha; readable plant stage, centered on tile footprint.","Do not copy any existing game, anime, movie, or named artist style. No photorealism, no combat, no weapons, no monsters, no aggressive expressions, no text baked into gameplay art, no harsh neon, no heavy black shadows, no random crop, no wrong perspective, no visible watermark."
batch_d_system_assets,crop,tomato_summer,02_runtime_exports/crops/autumn/crop_tomato_summer_stage_03_autumn_64.png,64x64,True,"Warm low-saturation storybook 2D game art, fixed 3/4 top-down rural village view, clear readable silhouettes, soft hand-painted texture, clean outlines, modular assets, cozy countryside life simulation, no combat, no horror, no modern sci-fi HUD. Create a crop growth-stage sprite for tomato_summer; exact canvas 64x64 px; transparent background with clean alpha; readable plant stage, centered on tile footprint.","Do not copy any existing game, anime, movie, or named artist style. No photorealism, no combat, no weapons, no monsters, no aggressive expressions, no text baked into gameplay art, no harsh neon, no heavy black shadows, no random crop, no wrong perspective, no visible watermark."
batch_d_system_assets,crop,tomato_summer,02_runtime_exports/crops/winter/crop_tomato_summer_stage_00_winter_64.png,64x64,True,"Warm low-saturation storybook 2D game art, fixed 3/4 top-down rural village view, clear readable silhouettes, soft hand-painted texture, clean outlines, modular assets, cozy countryside life simulation, no combat, no horror, no modern sci-fi HUD. Create a crop growth-stage sprite for tomato_summer; exact canvas 64x64 px; transparent background with clean alpha; readable plant stage, centered on tile footprint.","Do not copy any existing game, anime, movie, or named artist style. No photorealism, no combat, no weapons, no monsters, no aggressive expressions, no text baked into gameplay art, no harsh neon, no heavy black shadows, no random crop, no wrong perspective, no visible watermark."
batch_d_system_assets,crop,tomato_summer,02_runtime_exports/crops/winter/crop_tomato_summer_stage_01_winter_64.png,64x64,True,"Warm low-saturation storybook 2D game art, fixed 3/4 top-down rural village view, clear readable silhouettes, soft hand-painted texture, clean outlines, modular assets, cozy countryside life simulation, no combat, no horror, no modern sci-fi HUD. Create a crop growth-stage sprite for tomato_summer; exact canvas 64x64 px; transparent background with clean alpha; readable plant stage, centered on tile footprint.","Do not copy any existing game, anime, movie, or named artist style. No photorealism, no combat, no weapons, no monsters, no aggressive expressions, no text baked into gameplay art, no harsh neon, no heavy black shadows, no random crop, no wrong perspective, no visible watermark."
batch_d_system_assets,crop,tomato_summer,02_runtime_exports/crops/winter/crop_tomato_summer_stage_02_winter_64.png,64x64,True,"Warm low-saturation storybook 2D game art, fixed 3/4 top-down rural village view, clear readable silhouettes, soft hand-painted texture, clean outlines, modular assets, cozy countryside life simulation, no combat, no horror, no modern sci-fi HUD. Create a crop growth-stage sprite for tomato_summer; exact canvas 64x64 px; transparent background with clean alpha; readable plant stage, centered on tile footprint.","Do not copy any existing game, anime, movie, or named artist style. No photorealism, no combat, no weapons, no monsters, no aggressive expressions, no text baked into gameplay art, no harsh neon, no heavy black shadows, no random crop, no wrong perspective, no visible watermark."
batch_d_system_assets,crop,tomato_summer,02_runtime_exports/crops/winter/crop_tomato_summer_stage_03_winter_64.png,64x64,True,"Warm low-saturation storybook 2D game art, fixed 3/4 top-down rural village view, clear readable silhouettes, soft hand-painted texture, clean outlines, modular assets, cozy countryside life simulation, no combat, no horror, no modern sci-fi HUD. Create a crop growth-stage sprite for tomato_summer; exact canvas 64x64 px; transparent background with clean alpha; readable plant stage, centered on tile footprint.","Do not copy any existing game, anime, movie, or named artist style. No photorealism, no combat, no weapons, no monsters, no aggressive expressions, no text baked into gameplay art, no harsh neon, no heavy black shadows, no random crop, no wrong perspective, no visible watermark."
batch_d_system_assets,crop,watermelon_summer,02_runtime_exports/crops/spring/crop_watermelon_summer_stage_00_spring_64.png,64x64,True,"Warm low-saturation storybook 2D game art, fixed 3/4 top-down rural village view, clear readable silhouettes, soft hand-painted texture, clean outlines, modular assets, cozy countryside life simulation, no combat, no horror, no modern sci-fi HUD. Create a crop growth-stage sprite for watermelon_summer; exact canvas 64x64 px; transparent background with clean alpha; readable plant stage, centered on tile footprint.","Do not copy any existing game, anime, movie, or named artist style. No photorealism, no combat, no weapons, no monsters, no aggressive expressions, no text baked into gameplay art, no harsh neon, no heavy black shadows, no random crop, no wrong perspective, no visible watermark."
batch_d_system_assets,crop,watermelon_summer,02_runtime_exports/crops/spring/crop_watermelon_summer_stage_01_spring_64.png,64x64,True,"Warm low-saturation storybook 2D game art, fixed 3/4 top-down rural village view, clear readable silhouettes, soft hand-painted texture, clean outlines, modular assets, cozy countryside life simulation, no combat, no horror, no modern sci-fi HUD. Create a crop growth-stage sprite for watermelon_summer; exact canvas 64x64 px; transparent background with clean alpha; readable plant stage, centered on tile footprint.","Do not copy any existing game, anime, movie, or named artist style. No photorealism, no combat, no weapons, no monsters, no aggressive expressions, no text baked into gameplay art, no harsh neon, no heavy black shadows, no random crop, no wrong perspective, no visible watermark."
batch_d_system_assets,crop,watermelon_summer,02_runtime_exports/crops/spring/crop_watermelon_summer_stage_02_spring_64.png,64x64,True,"Warm low-saturation storybook 2D game art, fixed 3/4 top-down rural village view, clear readable silhouettes, soft hand-painted texture, clean outlines, modular assets, cozy countryside life simulation, no combat, no horror, no modern sci-fi HUD. Create a crop growth-stage sprite for watermelon_summer; exact canvas 64x64 px; transparent background with clean alpha; readable plant stage, centered on tile footprint.","Do not copy any existing game, anime, movie, or named artist style. No photorealism, no combat, no weapons, no monsters, no aggressive expressions, no text baked into gameplay art, no harsh neon, no heavy black shadows, no random crop, no wrong perspective, no visible watermark."
batch_d_system_assets,crop,watermelon_summer,02_runtime_exports/crops/spring/crop_watermelon_summer_stage_03_spring_64.png,64x64,True,"Warm low-saturation storybook 2D game art, fixed 3/4 top-down rural village view, clear readable silhouettes, soft hand-painted texture, clean outlines, modular assets, cozy countryside life simulation, no combat, no horror, no modern sci-fi HUD. Create a crop growth-stage sprite for watermelon_summer; exact canvas 64x64 px; transparent background with clean alpha; readable plant stage, centered on tile footprint.","Do not copy any existing game, anime, movie, or named artist style. No photorealism, no combat, no weapons, no monsters, no aggressive expressions, no text baked into gameplay art, no harsh neon, no heavy black shadows, no random crop, no wrong perspective, no visible watermark."
batch_d_system_assets,crop,watermelon_summer,02_runtime_exports/crops/summer/crop_watermelon_summer_stage_00_summer_64.png,64x64,True,"Warm low-saturation storybook 2D game art, fixed 3/4 top-down rural village view, clear readable silhouettes, soft hand-painted texture, clean outlines, modular assets, cozy countryside life simulation, no combat, no horror, no modern sci-fi HUD. Create a crop growth-stage sprite for watermelon_summer; exact canvas 64x64 px; transparent background with clean alpha; readable plant stage, centered on tile footprint.","Do not copy any existing game, anime, movie, or named artist style. No photorealism, no combat, no weapons, no monsters, no aggressive expressions, no text baked into gameplay art, no harsh neon, no heavy black shadows, no random crop, no wrong perspective, no visible watermark."
batch_d_system_assets,crop,watermelon_summer,02_runtime_exports/crops/summer/crop_watermelon_summer_stage_01_summer_64.png,64x64,True,"Warm low-saturation storybook 2D game art, fixed 3/4 top-down rural village view, clear readable silhouettes, soft hand-painted texture, clean outlines, modular assets, cozy countryside life simulation, no combat, no horror, no modern sci-fi HUD. Create a crop growth-stage sprite for watermelon_summer; exact canvas 64x64 px; transparent background with clean alpha; readable plant stage, centered on tile footprint.","Do not copy any existing game, anime, movie, or named artist style. No photorealism, no combat, no weapons, no monsters, no aggressive expressions, no text baked into gameplay art, no harsh neon, no heavy black shadows, no random crop, no wrong perspective, no visible watermark."
batch_d_system_assets,crop,watermelon_summer,02_runtime_exports/crops/summer/crop_watermelon_summer_stage_02_summer_64.png,64x64,True,"Warm low-saturation storybook 2D game art, fixed 3/4 top-down rural village view, clear readable silhouettes, soft hand-painted texture, clean outlines, modular assets, cozy countryside life simulation, no combat, no horror, no modern sci-fi HUD. Create a crop growth-stage sprite for watermelon_summer; exact canvas 64x64 px; transparent background with clean alpha; readable plant stage, centered on tile footprint.","Do not copy any existing game, anime, movie, or named artist style. No photorealism, no combat, no weapons, no monsters, no aggressive expressions, no text baked into gameplay art, no harsh neon, no heavy black shadows, no random crop, no wrong perspective, no visible watermark."
batch_d_system_assets,crop,watermelon_summer,02_runtime_exports/crops/summer/crop_watermelon_summer_stage_03_summer_64.png,64x64,True,"Warm low-saturation storybook 2D game art, fixed 3/4 top-down rural village view, clear readable silhouettes, soft hand-painted texture, clean outlines, modular assets, cozy countryside life simulation, no combat, no horror, no modern sci-fi HUD. Create a crop growth-stage sprite for watermelon_summer; exact canvas 64x64 px; transparent background with clean alpha; readable plant stage, centered on tile footprint.","Do not copy any existing game, anime, movie, or named artist style. No photorealism, no combat, no weapons, no monsters, no aggressive expressions, no text baked into gameplay art, no harsh neon, no heavy black shadows, no random crop, no wrong perspective, no visible watermark."
batch_d_system_assets,crop,watermelon_summer,02_runtime_exports/crops/autumn/crop_watermelon_summer_stage_00_autumn_64.png,64x64,True,"Warm low-saturation storybook 2D game art, fixed 3/4 top-down rural village view, clear readable silhouettes, soft hand-painted texture, clean outlines, modular assets, cozy countryside life simulation, no combat, no horror, no modern sci-fi HUD. Create a crop growth-stage sprite for watermelon_summer; exact canvas 64x64 px; transparent background with clean alpha; readable plant stage, centered on tile footprint.","Do not copy any existing game, anime, movie, or named artist style. No photorealism, no combat, no weapons, no monsters, no aggressive expressions, no text baked into gameplay art, no harsh neon, no heavy black shadows, no random crop, no wrong perspective, no visible watermark."
batch_d_system_assets,crop,watermelon_summer,02_runtime_exports/crops/autumn/crop_watermelon_summer_stage_01_autumn_64.png,64x64,True,"Warm low-saturation storybook 2D game art, fixed 3/4 top-down rural village view, clear readable silhouettes, soft hand-painted texture, clean outlines, modular assets, cozy countryside life simulation, no combat, no horror, no modern sci-fi HUD. Create a crop growth-stage sprite for watermelon_summer; exact canvas 64x64 px; transparent background with clean alpha; readable plant stage, centered on tile footprint.","Do not copy any existing game, anime, movie, or named artist style. No photorealism, no combat, no weapons, no monsters, no aggressive expressions, no text baked into gameplay art, no harsh neon, no heavy black shadows, no random crop, no wrong perspective, no visible watermark."
batch_d_system_assets,crop,watermelon_summer,02_runtime_exports/crops/autumn/crop_watermelon_summer_stage_02_autumn_64.png,64x64,True,"Warm low-saturation storybook 2D game art, fixed 3/4 top-down rural village view, clear readable silhouettes, soft hand-painted texture, clean outlines, modular assets, cozy countryside life simulation, no combat, no horror, no modern sci-fi HUD. Create a crop growth-stage sprite for watermelon_summer; exact canvas 64x64 px; transparent background with clean alpha; readable plant stage, centered on tile footprint.","Do not copy any existing game, anime, movie, or named artist style. No photorealism, no combat, no weapons, no monsters, no aggressive expressions, no text baked into gameplay art, no harsh neon, no heavy black shadows, no random crop, no wrong perspective, no visible watermark."
batch_d_system_assets,crop,watermelon_summer,02_runtime_exports/crops/autumn/crop_watermelon_summer_stage_03_autumn_64.png,64x64,True,"Warm low-saturation storybook 2D game art, fixed 3/4 top-down rural village view, clear readable silhouettes, soft hand-painted texture, clean outlines, modular assets, cozy countryside life simulation, no combat, no horror, no modern sci-fi HUD. Create a crop growth-stage sprite for watermelon_summer; exact canvas 64x64 px; transparent background with clean alpha; readable plant stage, centered on tile footprint.","Do not copy any existing game, anime, movie, or named artist style. No photorealism, no combat, no weapons, no monsters, no aggressive expressions, no text baked into gameplay art, no harsh neon, no heavy black shadows, no random crop, no wrong perspective, no visible watermark."
batch_d_system_assets,crop,watermelon_summer,02_runtime_exports/crops/winter/crop_watermelon_summer_stage_00_winter_64.png,64x64,True,"Warm low-saturation storybook 2D game art, fixed 3/4 top-down rural village view, clear readable silhouettes, soft hand-painted texture, clean outlines, modular assets, cozy countryside life simulation, no combat, no horror, no modern sci-fi HUD. Create a crop growth-stage sprite for watermelon_summer; exact canvas 64x64 px; transparent background with clean alpha; readable plant stage, centered on tile footprint.","Do not copy any existing game, anime, movie, or named artist style. No photorealism, no combat, no weapons, no monsters, no aggressive expressions, no text baked into gameplay art, no harsh neon, no heavy black shadows, no random crop, no wrong perspective, no visible watermark."
batch_d_system_assets,crop,watermelon_summer,02_runtime_exports/crops/winter/crop_watermelon_summer_stage_01_winter_64.png,64x64,True,"Warm low-saturation storybook 2D game art, fixed 3/4 top-down rural village view, clear readable silhouettes, soft hand-painted texture, clean outlines, modular assets, cozy countryside life simulation, no combat, no horror, no modern sci-fi HUD. Create a crop growth-stage sprite for watermelon_summer; exact canvas 64x64 px; transparent background with clean alpha; readable plant stage, centered on tile footprint.","Do not copy any existing game, anime, movie, or named artist style. No photorealism, no combat, no weapons, no monsters, no aggressive expressions, no text baked into gameplay art, no harsh neon, no heavy black shadows, no random crop, no wrong perspective, no visible watermark."
batch_d_system_assets,crop,watermelon_summer,02_runtime_exports/crops/winter/crop_watermelon_summer_stage_02_winter_64.png,64x64,True,"Warm low-saturation storybook 2D game art, fixed 3/4 top-down rural village view, clear readable silhouettes, soft hand-painted texture, clean outlines, modular assets, cozy countryside life simulation, no combat, no horror, no modern sci-fi HUD. Create a crop growth-stage sprite for watermelon_summer; exact canvas 64x64 px; transparent background with clean alpha; readable plant stage, centered on tile footprint.","Do not copy any existing game, anime, movie, or named artist style. No photorealism, no combat, no weapons, no monsters, no aggressive expressions, no text baked into gameplay art, no harsh neon, no heavy black shadows, no random crop, no wrong perspective, no visible watermark."
batch_d_system_assets,crop,watermelon_summer,02_runtime_exports/crops/winter/crop_watermelon_summer_stage_03_winter_64.png,64x64,True,"Warm low-saturation storybook 2D game art, fixed 3/4 top-down rural village view, clear readable silhouettes, soft hand-painted texture, clean outlines, modular assets, cozy countryside life simulation, no combat, no horror, no modern sci-fi HUD. Create a crop growth-stage sprite for watermelon_summer; exact canvas 64x64 px; transparent background with clean alpha; readable plant stage, centered on tile footprint.","Do not copy any existing game, anime, movie, or named artist style. No photorealism, no combat, no weapons, no monsters, no aggressive expressions, no text baked into gameplay art, no harsh neon, no heavy black shadows, no random crop, no wrong perspective, no visible watermark."
batch_d_system_assets,crop,pumpkin_autumn,02_runtime_exports/crops/spring/crop_pumpkin_autumn_stage_00_spring_64.png,64x64,True,"Warm low-saturation storybook 2D game art, fixed 3/4 top-down rural village view, clear readable silhouettes, soft hand-painted texture, clean outlines, modular assets, cozy countryside life simulation, no combat, no horror, no modern sci-fi HUD. Create a crop growth-stage sprite for pumpkin_autumn; exact canvas 64x64 px; transparent background with clean alpha; readable plant stage, centered on tile footprint.","Do not copy any existing game, anime, movie, or named artist style. No photorealism, no combat, no weapons, no monsters, no aggressive expressions, no text baked into gameplay art, no harsh neon, no heavy black shadows, no random crop, no wrong perspective, no visible watermark."
batch_d_system_assets,crop,pumpkin_autumn,02_runtime_exports/crops/spring/crop_pumpkin_autumn_stage_01_spring_64.png,64x64,True,"Warm low-saturation storybook 2D game art, fixed 3/4 top-down rural village view, clear readable silhouettes, soft hand-painted texture, clean outlines, modular assets, cozy countryside life simulation, no combat, no horror, no modern sci-fi HUD. Create a crop growth-stage sprite for pumpkin_autumn; exact canvas 64x64 px; transparent background with clean alpha; readable plant stage, centered on tile footprint.","Do not copy any existing game, anime, movie, or named artist style. No photorealism, no combat, no weapons, no monsters, no aggressive expressions, no text baked into gameplay art, no harsh neon, no heavy black shadows, no random crop, no wrong perspective, no visible watermark."
batch_d_system_assets,crop,pumpkin_autumn,02_runtime_exports/crops/spring/crop_pumpkin_autumn_stage_02_spring_64.png,64x64,True,"Warm low-saturation storybook 2D game art, fixed 3/4 top-down rural village view, clear readable silhouettes, soft hand-painted texture, clean outlines, modular assets, cozy countryside life simulation, no combat, no horror, no modern sci-fi HUD. Create a crop growth-stage sprite for pumpkin_autumn; exact canvas 64x64 px; transparent background with clean alpha; readable plant stage, centered on tile footprint.","Do not copy any existing game, anime, movie, or named artist style. No photorealism, no combat, no weapons, no monsters, no aggressive expressions, no text baked into gameplay art, no harsh neon, no heavy black shadows, no random crop, no wrong perspective, no visible watermark."
batch_d_system_assets,crop,pumpkin_autumn,02_runtime_exports/crops/spring/crop_pumpkin_autumn_stage_03_spring_64.png,64x64,True,"Warm low-saturation storybook 2D game art, fixed 3/4 top-down rural village view, clear readable silhouettes, soft hand-painted texture, clean outlines, modular assets, cozy countryside life simulation, no combat, no horror, no modern sci-fi HUD. Create a crop growth-stage sprite for pumpkin_autumn; exact canvas 64x64 px; transparent background with clean alpha; readable plant stage, centered on tile footprint.","Do not copy any existing game, anime, movie, or named artist style. No photorealism, no combat, no weapons, no monsters, no aggressive expressions, no text baked into gameplay art, no harsh neon, no heavy black shadows, no random crop, no wrong perspective, no visible watermark."
batch_d_system_assets,crop,pumpkin_autumn,02_runtime_exports/crops/summer/crop_pumpkin_autumn_stage_00_summer_64.png,64x64,True,"Warm low-saturation storybook 2D game art, fixed 3/4 top-down rural village view, clear readable silhouettes, soft hand-painted texture, clean outlines, modular assets, cozy countryside life simulation, no combat, no horror, no modern sci-fi HUD. Create a crop growth-stage sprite for pumpkin_autumn; exact canvas 64x64 px; transparent background with clean alpha; readable plant stage, centered on tile footprint.","Do not copy any existing game, anime, movie, or named artist style. No photorealism, no combat, no weapons, no monsters, no aggressive expressions, no text baked into gameplay art, no harsh neon, no heavy black shadows, no random crop, no wrong perspective, no visible watermark."
batch_d_system_assets,crop,pumpkin_autumn,02_runtime_exports/crops/summer/crop_pumpkin_autumn_stage_01_summer_64.png,64x64,True,"Warm low-saturation storybook 2D game art, fixed 3/4 top-down rural village view, clear readable silhouettes, soft hand-painted texture, clean outlines, modular assets, cozy countryside life simulation, no combat, no horror, no modern sci-fi HUD. Create a crop growth-stage sprite for pumpkin_autumn; exact canvas 64x64 px; transparent background with clean alpha; readable plant stage, centered on tile footprint.","Do not copy any existing game, anime, movie, or named artist style. No photorealism, no combat, no weapons, no monsters, no aggressive expressions, no text baked into gameplay art, no harsh neon, no heavy black shadows, no random crop, no wrong perspective, no visible watermark."
batch_d_system_assets,crop,pumpkin_autumn,02_runtime_exports/crops/summer/crop_pumpkin_autumn_stage_02_summer_64.png,64x64,True,"Warm low-saturation storybook 2D game art, fixed 3/4 top-down rural village view, clear readable silhouettes, soft hand-painted texture, clean outlines, modular assets, cozy countryside life simulation, no combat, no horror, no modern sci-fi HUD. Create a crop growth-stage sprite for pumpkin_autumn; exact canvas 64x64 px; transparent background with clean alpha; readable plant stage, centered on tile footprint.","Do not copy any existing game, anime, movie, or named artist style. No photorealism, no combat, no weapons, no monsters, no aggressive expressions, no text baked into gameplay art, no harsh neon, no heavy black shadows, no random crop, no wrong perspective, no visible watermark."
batch_d_system_assets,crop,pumpkin_autumn,02_runtime_exports/crops/summer/crop_pumpkin_autumn_stage_03_summer_64.png,64x64,True,"Warm low-saturation storybook 2D game art, fixed 3/4 top-down rural village view, clear readable silhouettes, soft hand-painted texture, clean outlines, modular assets, cozy countryside life simulation, no combat, no horror, no modern sci-fi HUD. Create a crop growth-stage sprite for pumpkin_autumn; exact canvas 64x64 px; transparent background with clean alpha; readable plant stage, centered on tile footprint.","Do not copy any existing game, anime, movie, or named artist style. No photorealism, no combat, no weapons, no monsters, no aggressive expressions, no text baked into gameplay art, no harsh neon, no heavy black shadows, no random crop, no wrong perspective, no visible watermark."
batch_d_system_assets,crop,pumpkin_autumn,02_runtime_exports/crops/autumn/crop_pumpkin_autumn_stage_00_autumn_64.png,64x64,True,"Warm low-saturation storybook 2D game art, fixed 3/4 top-down rural village view, clear readable silhouettes, soft hand-painted texture, clean outlines, modular assets, cozy countryside life simulation, no combat, no horror, no modern sci-fi HUD. Create a crop growth-stage sprite for pumpkin_autumn; exact canvas 64x64 px; transparent background with clean alpha; readable plant stage, centered on tile footprint.","Do not copy any existing game, anime, movie, or named artist style. No photorealism, no combat, no weapons, no monsters, no aggressive expressions, no text baked into gameplay art, no harsh neon, no heavy black shadows, no random crop, no wrong perspective, no visible watermark."
batch_d_system_assets,crop,pumpkin_autumn,02_runtime_exports/crops/autumn/crop_pumpkin_autumn_stage_01_autumn_64.png,64x64,True,"Warm low-saturation storybook 2D game art, fixed 3/4 top-down rural village view, clear readable silhouettes, soft hand-painted texture, clean outlines, modular assets, cozy countryside life simulation, no combat, no horror, no modern sci-fi HUD. Create a crop growth-stage sprite for pumpkin_autumn; exact canvas 64x64 px; transparent background with clean alpha; readable plant stage, centered on tile footprint.","Do not copy any existing game, anime, movie, or named artist style. No photorealism, no combat, no weapons, no monsters, no aggressive expressions, no text baked into gameplay art, no harsh neon, no heavy black shadows, no random crop, no wrong perspective, no visible watermark."
batch_d_system_assets,crop,pumpkin_autumn,02_runtime_exports/crops/autumn/crop_pumpkin_autumn_stage_02_autumn_64.png,64x64,True,"Warm low-saturation storybook 2D game art, fixed 3/4 top-down rural village view, clear readable silhouettes, soft hand-painted texture, clean outlines, modular assets, cozy countryside life simulation, no combat, no horror, no modern sci-fi HUD. Create a crop growth-stage sprite for pumpkin_autumn; exact canvas 64x64 px; transparent background with clean alpha; readable plant stage, centered on tile footprint.","Do not copy any existing game, anime, movie, or named artist style. No photorealism, no combat, no weapons, no monsters, no aggressive expressions, no text baked into gameplay art, no harsh neon, no heavy black shadows, no random crop, no wrong perspective, no visible watermark."
batch_d_system_assets,crop,pumpkin_autumn,02_runtime_exports/crops/autumn/crop_pumpkin_autumn_stage_03_autumn_64.png,64x64,True,"Warm low-saturation storybook 2D game art, fixed 3/4 top-down rural village view, clear readable silhouettes, soft hand-painted texture, clean outlines, modular assets, cozy countryside life simulation, no combat, no horror, no modern sci-fi HUD. Create a crop growth-stage sprite for pumpkin_autumn; exact canvas 64x64 px; transparent background with clean alpha; readable plant stage, centered on tile footprint.","Do not copy any existing game, anime, movie, or named artist style. No photorealism, no combat, no weapons, no monsters, no aggressive expressions, no text baked into gameplay art, no harsh neon, no heavy black shadows, no random crop, no wrong perspective, no visible watermark."
batch_d_system_assets,crop,pumpkin_autumn,02_runtime_exports/crops/winter/crop_pumpkin_autumn_stage_00_winter_64.png,64x64,True,"Warm low-saturation storybook 2D game art, fixed 3/4 top-down rural village view, clear readable silhouettes, soft hand-painted texture, clean outlines, modular assets, cozy countryside life simulation, no combat, no horror, no modern sci-fi HUD. Create a crop growth-stage sprite for pumpkin_autumn; exact canvas 64x64 px; transparent background with clean alpha; readable plant stage, centered on tile footprint.","Do not copy any existing game, anime, movie, or named artist style. No photorealism, no combat, no weapons, no monsters, no aggressive expressions, no text baked into gameplay art, no harsh neon, no heavy black shadows, no random crop, no wrong perspective, no visible watermark."
batch_d_system_assets,crop,pumpkin_autumn,02_runtime_exports/crops/winter/crop_pumpkin_autumn_stage_01_winter_64.png,64x64,True,"Warm low-saturation storybook 2D game art, fixed 3/4 top-down rural village view, clear readable silhouettes, soft hand-painted texture, clean outlines, modular assets, cozy countryside life simulation, no combat, no horror, no modern sci-fi HUD. Create a crop growth-stage sprite for pumpkin_autumn; exact canvas 64x64 px; transparent background with clean alpha; readable plant stage, centered on tile footprint.","Do not copy any existing game, anime, movie, or named artist style. No photorealism, no combat, no weapons, no monsters, no aggressive expressions, no text baked into gameplay art, no harsh neon, no heavy black shadows, no random crop, no wrong perspective, no visible watermark."
batch_d_system_assets,crop,pumpkin_autumn,02_runtime_exports/crops/winter/crop_pumpkin_autumn_stage_02_winter_64.png,64x64,True,"Warm low-saturation storybook 2D game art, fixed 3/4 top-down rural village view, clear readable silhouettes, soft hand-painted texture, clean outlines, modular assets, cozy countryside life simulation, no combat, no horror, no modern sci-fi HUD. Create a crop growth-stage sprite for pumpkin_autumn; exact canvas 64x64 px; transparent background with clean alpha; readable plant stage, centered on tile footprint.","Do not copy any existing game, anime, movie, or named artist style. No photorealism, no combat, no weapons, no monsters, no aggressive expressions, no text baked into gameplay art, no harsh neon, no heavy black shadows, no random crop, no wrong perspective, no visible watermark."
batch_d_system_assets,crop,pumpkin_autumn,02_runtime_exports/crops/winter/crop_pumpkin_autumn_stage_03_winter_64.png,64x64,True,"Warm low-saturation storybook 2D game art, fixed 3/4 top-down rural village view, clear readable silhouettes, soft hand-painted texture, clean outlines, modular assets, cozy countryside life simulation, no combat, no horror, no modern sci-fi HUD. Create a crop growth-stage sprite for pumpkin_autumn; exact canvas 64x64 px; transparent background with clean alpha; readable plant stage, centered on tile footprint.","Do not copy any existing game, anime, movie, or named artist style. No photorealism, no combat, no weapons, no monsters, no aggressive expressions, no text baked into gameplay art, no harsh neon, no heavy black shadows, no random crop, no wrong perspective, no visible watermark."
batch_d_system_assets,crop,daikon_winter,02_runtime_exports/crops/spring/crop_daikon_winter_stage_00_spring_64.png,64x64,True,"Warm low-saturation storybook 2D game art, fixed 3/4 top-down rural village view, clear readable silhouettes, soft hand-painted texture, clean outlines, modular assets, cozy countryside life simulation, no combat, no horror, no modern sci-fi HUD. Create a crop growth-stage sprite for daikon_winter; exact canvas 64x64 px; transparent background with clean alpha; readable plant stage, centered on tile footprint.","Do not copy any existing game, anime, movie, or named artist style. No photorealism, no combat, no weapons, no monsters, no aggressive expressions, no text baked into gameplay art, no harsh neon, no heavy black shadows, no random crop, no wrong perspective, no visible watermark."
batch_d_system_assets,crop,daikon_winter,02_runtime_exports/crops/spring/crop_daikon_winter_stage_01_spring_64.png,64x64,True,"Warm low-saturation storybook 2D game art, fixed 3/4 top-down rural village view, clear readable silhouettes, soft hand-painted texture, clean outlines, modular assets, cozy countryside life simulation, no combat, no horror, no modern sci-fi HUD. Create a crop growth-stage sprite for daikon_winter; exact canvas 64x64 px; transparent background with clean alpha; readable plant stage, centered on tile footprint.","Do not copy any existing game, anime, movie, or named artist style. No photorealism, no combat, no weapons, no monsters, no aggressive expressions, no text baked into gameplay art, no harsh neon, no heavy black shadows, no random crop, no wrong perspective, no visible watermark."
batch_d_system_assets,crop,daikon_winter,02_runtime_exports/crops/spring/crop_daikon_winter_stage_02_spring_64.png,64x64,True,"Warm low-saturation storybook 2D game art, fixed 3/4 top-down rural village view, clear readable silhouettes, soft hand-painted texture, clean outlines, modular assets, cozy countryside life simulation, no combat, no horror, no modern sci-fi HUD. Create a crop growth-stage sprite for daikon_winter; exact canvas 64x64 px; transparent background with clean alpha; readable plant stage, centered on tile footprint.","Do not copy any existing game, anime, movie, or named artist style. No photorealism, no combat, no weapons, no monsters, no aggressive expressions, no text baked into gameplay art, no harsh neon, no heavy black shadows, no random crop, no wrong perspective, no visible watermark."
batch_d_system_assets,crop,daikon_winter,02_runtime_exports/crops/spring/crop_daikon_winter_stage_03_spring_64.png,64x64,True,"Warm low-saturation storybook 2D game art, fixed 3/4 top-down rural village view, clear readable silhouettes, soft hand-painted texture, clean outlines, modular assets, cozy countryside life simulation, no combat, no horror, no modern sci-fi HUD. Create a crop growth-stage sprite for daikon_winter; exact canvas 64x64 px; transparent background with clean alpha; readable plant stage, centered on tile footprint.","Do not copy any existing game, anime, movie, or named artist style. No photorealism, no combat, no weapons, no monsters, no aggressive expressions, no text baked into gameplay art, no harsh neon, no heavy black shadows, no random crop, no wrong perspective, no visible watermark."
batch_d_system_assets,crop,daikon_winter,02_runtime_exports/crops/summer/crop_daikon_winter_stage_00_summer_64.png,64x64,True,"Warm low-saturation storybook 2D game art, fixed 3/4 top-down rural village view, clear readable silhouettes, soft hand-painted texture, clean outlines, modular assets, cozy countryside life simulation, no combat, no horror, no modern sci-fi HUD. Create a crop growth-stage sprite for daikon_winter; exact canvas 64x64 px; transparent background with clean alpha; readable plant stage, centered on tile footprint.","Do not copy any existing game, anime, movie, or named artist style. No photorealism, no combat, no weapons, no monsters, no aggressive expressions, no text baked into gameplay art, no harsh neon, no heavy black shadows, no random crop, no wrong perspective, no visible watermark."
batch_d_system_assets,crop,daikon_winter,02_runtime_exports/crops/summer/crop_daikon_winter_stage_01_summer_64.png,64x64,True,"Warm low-saturation storybook 2D game art, fixed 3/4 top-down rural village view, clear readable silhouettes, soft hand-painted texture, clean outlines, modular assets, cozy countryside life simulation, no combat, no horror, no modern sci-fi HUD. Create a crop growth-stage sprite for daikon_winter; exact canvas 64x64 px; transparent background with clean alpha; readable plant stage, centered on tile footprint.","Do not copy any existing game, anime, movie, or named artist style. No photorealism, no combat, no weapons, no monsters, no aggressive expressions, no text baked into gameplay art, no harsh neon, no heavy black shadows, no random crop, no wrong perspective, no visible watermark."
batch_d_system_assets,crop,daikon_winter,02_runtime_exports/crops/summer/crop_daikon_winter_stage_02_summer_64.png,64x64,True,"Warm low-saturation storybook 2D game art, fixed 3/4 top-down rural village view, clear readable silhouettes, soft hand-painted texture, clean outlines, modular assets, cozy countryside life simulation, no combat, no horror, no modern sci-fi HUD. Create a crop growth-stage sprite for daikon_winter; exact canvas 64x64 px; transparent background with clean alpha; readable plant stage, centered on tile footprint.","Do not copy any existing game, anime, movie, or named artist style. No photorealism, no combat, no weapons, no monsters, no aggressive expressions, no text baked into gameplay art, no harsh neon, no heavy black shadows, no random crop, no wrong perspective, no visible watermark."
batch_d_system_assets,crop,daikon_winter,02_runtime_exports/crops/summer/crop_daikon_winter_stage_03_summer_64.png,64x64,True,"Warm low-saturation storybook 2D game art, fixed 3/4 top-down rural village view, clear readable silhouettes, soft hand-painted texture, clean outlines, modular assets, cozy countryside life simulation, no combat, no horror, no modern sci-fi HUD. Create a crop growth-stage sprite for daikon_winter; exact canvas 64x64 px; transparent background with clean alpha; readable plant stage, centered on tile footprint.","Do not copy any existing game, anime, movie, or named artist style. No photorealism, no combat, no weapons, no monsters, no aggressive expressions, no text baked into gameplay art, no harsh neon, no heavy black shadows, no random crop, no wrong perspective, no visible watermark."
batch_d_system_assets,crop,daikon_winter,02_runtime_exports/crops/autumn/crop_daikon_winter_stage_00_autumn_64.png,64x64,True,"Warm low-saturation storybook 2D game art, fixed 3/4 top-down rural village view, clear readable silhouettes, soft hand-painted texture, clean outlines, modular assets, cozy countryside life simulation, no combat, no horror, no modern sci-fi HUD. Create a crop growth-stage sprite for daikon_winter; exact canvas 64x64 px; transparent background with clean alpha; readable plant stage, centered on tile footprint.","Do not copy any existing game, anime, movie, or named artist style. No photorealism, no combat, no weapons, no monsters, no aggressive expressions, no text baked into gameplay art, no harsh neon, no heavy black shadows, no random crop, no wrong perspective, no visible watermark."
batch_d_system_assets,crop,daikon_winter,02_runtime_exports/crops/autumn/crop_daikon_winter_stage_01_autumn_64.png,64x64,True,"Warm low-saturation storybook 2D game art, fixed 3/4 top-down rural village view, clear readable silhouettes, soft hand-painted texture, clean outlines, modular assets, cozy countryside life simulation, no combat, no horror, no modern sci-fi HUD. Create a crop growth-stage sprite for daikon_winter; exact canvas 64x64 px; transparent background with clean alpha; readable plant stage, centered on tile footprint.","Do not copy any existing game, anime, movie, or named artist style. No photorealism, no combat, no weapons, no monsters, no aggressive expressions, no text baked into gameplay art, no harsh neon, no heavy black shadows, no random crop, no wrong perspective, no visible watermark."
batch_d_system_assets,crop,daikon_winter,02_runtime_exports/crops/autumn/crop_daikon_winter_stage_02_autumn_64.png,64x64,True,"Warm low-saturation storybook 2D game art, fixed 3/4 top-down rural village view, clear readable silhouettes, soft hand-painted texture, clean outlines, modular assets, cozy countryside life simulation, no combat, no horror, no modern sci-fi HUD. Create a crop growth-stage sprite for daikon_winter; exact canvas 64x64 px; transparent background with clean alpha; readable plant stage, centered on tile footprint.","Do not copy any existing game, anime, movie, or named artist style. No photorealism, no combat, no weapons, no monsters, no aggressive expressions, no text baked into gameplay art, no harsh neon, no heavy black shadows, no random crop, no wrong perspective, no visible watermark."
batch_d_system_assets,crop,daikon_winter,02_runtime_exports/crops/autumn/crop_daikon_winter_stage_03_autumn_64.png,64x64,True,"Warm low-saturation storybook 2D game art, fixed 3/4 top-down rural village view, clear readable silhouettes, soft hand-painted texture, clean outlines, modular assets, cozy countryside life simulation, no combat, no horror, no modern sci-fi HUD. Create a crop growth-stage sprite for daikon_winter; exact canvas 64x64 px; transparent background with clean alpha; readable plant stage, centered on tile footprint.","Do not copy any existing game, anime, movie, or named artist style. No photorealism, no combat, no weapons, no monsters, no aggressive expressions, no text baked into gameplay art, no harsh neon, no heavy black shadows, no random crop, no wrong perspective, no visible watermark."
batch_d_system_assets,crop,daikon_winter,02_runtime_exports/crops/winter/crop_daikon_winter_stage_00_winter_64.png,64x64,True,"Warm low-saturation storybook 2D game art, fixed 3/4 top-down rural village view, clear readable silhouettes, soft hand-painted texture, clean outlines, modular assets, cozy countryside life simulation, no combat, no horror, no modern sci-fi HUD. Create a crop growth-stage sprite for daikon_winter; exact canvas 64x64 px; transparent background with clean alpha; readable plant stage, centered on tile footprint.","Do not copy any existing game, anime, movie, or named artist style. No photorealism, no combat, no weapons, no monsters, no aggressive expressions, no text baked into gameplay art, no harsh neon, no heavy black shadows, no random crop, no wrong perspective, no visible watermark."
batch_d_system_assets,crop,daikon_winter,02_runtime_exports/crops/winter/crop_daikon_winter_stage_01_winter_64.png,64x64,True,"Warm low-saturation storybook 2D game art, fixed 3/4 top-down rural village view, clear readable silhouettes, soft hand-painted texture, clean outlines, modular assets, cozy countryside life simulation, no combat, no horror, no modern sci-fi HUD. Create a crop growth-stage sprite for daikon_winter; exact canvas 64x64 px; transparent background with clean alpha; readable plant stage, centered on tile footprint.","Do not copy any existing game, anime, movie, or named artist style. No photorealism, no combat, no weapons, no monsters, no aggressive expressions, no text baked into gameplay art, no harsh neon, no heavy black shadows, no random crop, no wrong perspective, no visible watermark."
batch_d_system_assets,crop,daikon_winter,02_runtime_exports/crops/winter/crop_daikon_winter_stage_02_winter_64.png,64x64,True,"Warm low-saturation storybook 2D game art, fixed 3/4 top-down rural village view, clear readable silhouettes, soft hand-painted texture, clean outlines, modular assets, cozy countryside life simulation, no combat, no horror, no modern sci-fi HUD. Create a crop growth-stage sprite for daikon_winter; exact canvas 64x64 px; transparent background with clean alpha; readable plant stage, centered on tile footprint.","Do not copy any existing game, anime, movie, or named artist style. No photorealism, no combat, no weapons, no monsters, no aggressive expressions, no text baked into gameplay art, no harsh neon, no heavy black shadows, no random crop, no wrong perspective, no visible watermark."
batch_d_system_assets,crop,daikon_winter,02_runtime_exports/crops/winter/crop_daikon_winter_stage_03_winter_64.png,64x64,True,"Warm low-saturation storybook 2D game art, fixed 3/4 top-down rural village view, clear readable silhouettes, soft hand-painted texture, clean outlines, modular assets, cozy countryside life simulation, no combat, no horror, no modern sci-fi HUD. Create a crop growth-stage sprite for daikon_winter; exact canvas 64x64 px; transparent background with clean alpha; readable plant stage, centered on tile footprint.","Do not copy any existing game, anime, movie, or named artist style. No photorealism, no combat, no weapons, no monsters, no aggressive expressions, no text baked into gameplay art, no harsh neon, no heavy black shadows, no random crop, no wrong perspective, no visible watermark."
batch_d_system_assets,item,wood,02_runtime_exports/items/wood_64.png,64x64,True,"Warm low-saturation storybook 2D game art, fixed 3/4 top-down rural village view, clear readable silhouettes, soft hand-painted texture, clean outlines, modular assets, cozy countryside life simulation, no combat, no horror, no modern sci-fi HUD. Create an inventory item icon for wood; exact canvas 64x64 px; transparent background with clean alpha; simple object silhouette, readable at 64 px.","Do not copy any existing game, anime, movie, or named artist style. No photorealism, no combat, no weapons, no monsters, no aggressive expressions, no text baked into gameplay art, no harsh neon, no heavy black shadows, no random crop, no wrong perspective, no visible watermark."
batch_d_system_assets,item,stone,02_runtime_exports/items/stone_64.png,64x64,True,"Warm low-saturation storybook 2D game art, fixed 3/4 top-down rural village view, clear readable silhouettes, soft hand-painted texture, clean outlines, modular assets, cozy countryside life simulation, no combat, no horror, no modern sci-fi HUD. Create an inventory item icon for stone; exact canvas 64x64 px; transparent background with clean alpha; simple object silhouette, readable at 64 px.","Do not copy any existing game, anime, movie, or named artist style. No photorealism, no combat, no weapons, no monsters, no aggressive expressions, no text baked into gameplay art, no harsh neon, no heavy black shadows, no random crop, no wrong perspective, no visible watermark."
batch_d_system_assets,item,rice,02_runtime_exports/items/rice_64.png,64x64,True,"Warm low-saturation storybook 2D game art, fixed 3/4 top-down rural village view, clear readable silhouettes, soft hand-painted texture, clean outlines, modular assets, cozy countryside life simulation, no combat, no horror, no modern sci-fi HUD. Create an inventory item icon for rice; exact canvas 64x64 px; transparent background with clean alpha; simple object silhouette, readable at 64 px.","Do not copy any existing game, anime, movie, or named artist style. No photorealism, no combat, no weapons, no monsters, no aggressive expressions, no text baked into gameplay art, no harsh neon, no heavy black shadows, no random crop, no wrong perspective, no visible watermark."
batch_d_system_assets,item,seed_turnip,02_runtime_exports/items/seed_turnip_64.png,64x64,True,"Warm low-saturation storybook 2D game art, fixed 3/4 top-down rural village view, clear readable silhouettes, soft hand-painted texture, clean outlines, modular assets, cozy countryside life simulation, no combat, no horror, no modern sci-fi HUD. Create an inventory item icon for seed_turnip; exact canvas 64x64 px; transparent background with clean alpha; simple object silhouette, readable at 64 px.","Do not copy any existing game, anime, movie, or named artist style. No photorealism, no combat, no weapons, no monsters, no aggressive expressions, no text baked into gameplay art, no harsh neon, no heavy black shadows, no random crop, no wrong perspective, no visible watermark."
batch_d_system_assets,item,crop_turnip,02_runtime_exports/items/crop_turnip_64.png,64x64,True,"Warm low-saturation storybook 2D game art, fixed 3/4 top-down rural village view, clear readable silhouettes, soft hand-painted texture, clean outlines, modular assets, cozy countryside life simulation, no combat, no horror, no modern sci-fi HUD. Create an inventory item icon for crop_turnip; exact canvas 64x64 px; transparent background with clean alpha; simple object silhouette, readable at 64 px.","Do not copy any existing game, anime, movie, or named artist style. No photorealism, no combat, no weapons, no monsters, no aggressive expressions, no text baked into gameplay art, no harsh neon, no heavy black shadows, no random crop, no wrong perspective, no visible watermark."
batch_d_system_assets,item,seed_strawberry,02_runtime_exports/items/seed_strawberry_64.png,64x64,True,"Warm low-saturation storybook 2D game art, fixed 3/4 top-down rural village view, clear readable silhouettes, soft hand-painted texture, clean outlines, modular assets, cozy countryside life simulation, no combat, no horror, no modern sci-fi HUD. Create an inventory item icon for seed_strawberry; exact canvas 64x64 px; transparent background with clean alpha; simple object silhouette, readable at 64 px.","Do not copy any existing game, anime, movie, or named artist style. No photorealism, no combat, no weapons, no monsters, no aggressive expressions, no text baked into gameplay art, no harsh neon, no heavy black shadows, no random crop, no wrong perspective, no visible watermark."
batch_d_system_assets,item,crop_strawberry,02_runtime_exports/items/crop_strawberry_64.png,64x64,True,"Warm low-saturation storybook 2D game art, fixed 3/4 top-down rural village view, clear readable silhouettes, soft hand-painted texture, clean outlines, modular assets, cozy countryside life simulation, no combat, no horror, no modern sci-fi HUD. Create an inventory item icon for crop_strawberry; exact canvas 64x64 px; transparent background with clean alpha; simple object silhouette, readable at 64 px.","Do not copy any existing game, anime, movie, or named artist style. No photorealism, no combat, no weapons, no monsters, no aggressive expressions, no text baked into gameplay art, no harsh neon, no heavy black shadows, no random crop, no wrong perspective, no visible watermark."
batch_d_system_assets,item,seed_potato,02_runtime_exports/items/seed_potato_64.png,64x64,True,"Warm low-saturation storybook 2D game art, fixed 3/4 top-down rural village view, clear readable silhouettes, soft hand-painted texture, clean outlines, modular assets, cozy countryside life simulation, no combat, no horror, no modern sci-fi HUD. Create an inventory item icon for seed_potato; exact canvas 64x64 px; transparent background with clean alpha; simple object silhouette, readable at 64 px.","Do not copy any existing game, anime, movie, or named artist style. No photorealism, no combat, no weapons, no monsters, no aggressive expressions, no text baked into gameplay art, no harsh neon, no heavy black shadows, no random crop, no wrong perspective, no visible watermark."
batch_d_system_assets,item,crop_potato,02_runtime_exports/items/crop_potato_64.png,64x64,True,"Warm low-saturation storybook 2D game art, fixed 3/4 top-down rural village view, clear readable silhouettes, soft hand-painted texture, clean outlines, modular assets, cozy countryside life simulation, no combat, no horror, no modern sci-fi HUD. Create an inventory item icon for crop_potato; exact canvas 64x64 px; transparent background with clean alpha; simple object silhouette, readable at 64 px.","Do not copy any existing game, anime, movie, or named artist style. No photorealism, no combat, no weapons, no monsters, no aggressive expressions, no text baked into gameplay art, no harsh neon, no heavy black shadows, no random crop, no wrong perspective, no visible watermark."
batch_d_system_assets,item,seed_cucumber,02_runtime_exports/items/seed_cucumber_64.png,64x64,True,"Warm low-saturation storybook 2D game art, fixed 3/4 top-down rural village view, clear readable silhouettes, soft hand-painted texture, clean outlines, modular assets, cozy countryside life simulation, no combat, no horror, no modern sci-fi HUD. Create an inventory item icon for seed_cucumber; exact canvas 64x64 px; transparent background with clean alpha; simple object silhouette, readable at 64 px.","Do not copy any existing game, anime, movie, or named artist style. No photorealism, no combat, no weapons, no monsters, no aggressive expressions, no text baked into gameplay art, no harsh neon, no heavy black shadows, no random crop, no wrong perspective, no visible watermark."
batch_d_system_assets,item,crop_cucumber,02_runtime_exports/items/crop_cucumber_64.png,64x64,True,"Warm low-saturation storybook 2D game art, fixed 3/4 top-down rural village view, clear readable silhouettes, soft hand-painted texture, clean outlines, modular assets, cozy countryside life simulation, no combat, no horror, no modern sci-fi HUD. Create an inventory item icon for crop_cucumber; exact canvas 64x64 px; transparent background with clean alpha; simple object silhouette, readable at 64 px.","Do not copy any existing game, anime, movie, or named artist style. No photorealism, no combat, no weapons, no monsters, no aggressive expressions, no text baked into gameplay art, no harsh neon, no heavy black shadows, no random crop, no wrong perspective, no visible watermark."
batch_d_system_assets,item,seed_tomato,02_runtime_exports/items/seed_tomato_64.png,64x64,True,"Warm low-saturation storybook 2D game art, fixed 3/4 top-down rural village view, clear readable silhouettes, soft hand-painted texture, clean outlines, modular assets, cozy countryside life simulation, no combat, no horror, no modern sci-fi HUD. Create an inventory item icon for seed_tomato; exact canvas 64x64 px; transparent background with clean alpha; simple object silhouette, readable at 64 px.","Do not copy any existing game, anime, movie, or named artist style. No photorealism, no combat, no weapons, no monsters, no aggressive expressions, no text baked into gameplay art, no harsh neon, no heavy black shadows, no random crop, no wrong perspective, no visible watermark."
batch_d_system_assets,item,crop_tomato,02_runtime_exports/items/crop_tomato_64.png,64x64,True,"Warm low-saturation storybook 2D game art, fixed 3/4 top-down rural village view, clear readable silhouettes, soft hand-painted texture, clean outlines, modular assets, cozy countryside life simulation, no combat, no horror, no modern sci-fi HUD. Create an inventory item icon for crop_tomato; exact canvas 64x64 px; transparent background with clean alpha; simple object silhouette, readable at 64 px.","Do not copy any existing game, anime, movie, or named artist style. No photorealism, no combat, no weapons, no monsters, no aggressive expressions, no text baked into gameplay art, no harsh neon, no heavy black shadows, no random crop, no wrong perspective, no visible watermark."
batch_d_system_assets,item,seed_watermelon,02_runtime_exports/items/seed_watermelon_64.png,64x64,True,"Warm low-saturation storybook 2D game art, fixed 3/4 top-down rural village view, clear readable silhouettes, soft hand-painted texture, clean outlines, modular assets, cozy countryside life simulation, no combat, no horror, no modern sci-fi HUD. Create an inventory item icon for seed_watermelon; exact canvas 64x64 px; transparent background with clean alpha; simple object silhouette, readable at 64 px.","Do not copy any existing game, anime, movie, or named artist style. No photorealism, no combat, no weapons, no monsters, no aggressive expressions, no text baked into gameplay art, no harsh neon, no heavy black shadows, no random crop, no wrong perspective, no visible watermark."
batch_d_system_assets,item,crop_watermelon,02_runtime_exports/items/crop_watermelon_64.png,64x64,True,"Warm low-saturation storybook 2D game art, fixed 3/4 top-down rural village view, clear readable silhouettes, soft hand-painted texture, clean outlines, modular assets, cozy countryside life simulation, no combat, no horror, no modern sci-fi HUD. Create an inventory item icon for crop_watermelon; exact canvas 64x64 px; transparent background with clean alpha; simple object silhouette, readable at 64 px.","Do not copy any existing game, anime, movie, or named artist style. No photorealism, no combat, no weapons, no monsters, no aggressive expressions, no text baked into gameplay art, no harsh neon, no heavy black shadows, no random crop, no wrong perspective, no visible watermark."
batch_d_system_assets,item,seed_pumpkin,02_runtime_exports/items/seed_pumpkin_64.png,64x64,True,"Warm low-saturation storybook 2D game art, fixed 3/4 top-down rural village view, clear readable silhouettes, soft hand-painted texture, clean outlines, modular assets, cozy countryside life simulation, no combat, no horror, no modern sci-fi HUD. Create an inventory item icon for seed_pumpkin; exact canvas 64x64 px; transparent background with clean alpha; simple object silhouette, readable at 64 px.","Do not copy any existing game, anime, movie, or named artist style. No photorealism, no combat, no weapons, no monsters, no aggressive expressions, no text baked into gameplay art, no harsh neon, no heavy black shadows, no random crop, no wrong perspective, no visible watermark."
batch_d_system_assets,item,crop_pumpkin,02_runtime_exports/items/crop_pumpkin_64.png,64x64,True,"Warm low-saturation storybook 2D game art, fixed 3/4 top-down rural village view, clear readable silhouettes, soft hand-painted texture, clean outlines, modular assets, cozy countryside life simulation, no combat, no horror, no modern sci-fi HUD. Create an inventory item icon for crop_pumpkin; exact canvas 64x64 px; transparent background with clean alpha; simple object silhouette, readable at 64 px.","Do not copy any existing game, anime, movie, or named artist style. No photorealism, no combat, no weapons, no monsters, no aggressive expressions, no text baked into gameplay art, no harsh neon, no heavy black shadows, no random crop, no wrong perspective, no visible watermark."
batch_d_system_assets,item,seed_daikon,02_runtime_exports/items/seed_daikon_64.png,64x64,True,"Warm low-saturation storybook 2D game art, fixed 3/4 top-down rural village view, clear readable silhouettes, soft hand-painted texture, clean outlines, modular assets, cozy countryside life simulation, no combat, no horror, no modern sci-fi HUD. Create an inventory item icon for seed_daikon; exact canvas 64x64 px; transparent background with clean alpha; simple object silhouette, readable at 64 px.","Do not copy any existing game, anime, movie, or named artist style. No photorealism, no combat, no weapons, no monsters, no aggressive expressions, no text baked into gameplay art, no harsh neon, no heavy black shadows, no random crop, no wrong perspective, no visible watermark."
batch_d_system_assets,item,crop_daikon,02_runtime_exports/items/crop_daikon_64.png,64x64,True,"Warm low-saturation storybook 2D game art, fixed 3/4 top-down rural village view, clear readable silhouettes, soft hand-painted texture, clean outlines, modular assets, cozy countryside life simulation, no combat, no horror, no modern sci-fi HUD. Create an inventory item icon for crop_daikon; exact canvas 64x64 px; transparent background with clean alpha; simple object silhouette, readable at 64 px.","Do not copy any existing game, anime, movie, or named artist style. No photorealism, no combat, no weapons, no monsters, no aggressive expressions, no text baked into gameplay art, no harsh neon, no heavy black shadows, no random crop, no wrong perspective, no visible watermark."
batch_d_system_assets,item,wildflower_spring,02_runtime_exports/items/wildflower_spring_64.png,64x64,True,"Warm low-saturation storybook 2D game art, fixed 3/4 top-down rural village view, clear readable silhouettes, soft hand-painted texture, clean outlines, modular assets, cozy countryside life simulation, no combat, no horror, no modern sci-fi HUD. Create an inventory item icon for wildflower_spring; exact canvas 64x64 px; transparent background with clean alpha; simple object silhouette, readable at 64 px.","Do not copy any existing game, anime, movie, or named artist style. No photorealism, no combat, no weapons, no monsters, no aggressive expressions, no text baked into gameplay art, no harsh neon, no heavy black shadows, no random crop, no wrong perspective, no visible watermark."
batch_d_system_assets,item,small_carp,02_runtime_exports/items/small_carp_64.png,64x64,True,"Warm low-saturation storybook 2D game art, fixed 3/4 top-down rural village view, clear readable silhouettes, soft hand-painted texture, clean outlines, modular assets, cozy countryside life simulation, no combat, no horror, no modern sci-fi HUD. Create an inventory item icon for small_carp; exact canvas 64x64 px; transparent background with clean alpha; simple object silhouette, readable at 64 px.","Do not copy any existing game, anime, movie, or named artist style. No photorealism, no combat, no weapons, no monsters, no aggressive expressions, no text baked into gameplay art, no harsh neon, no heavy black shadows, no random crop, no wrong perspective, no visible watermark."
batch_d_system_assets,item,tea_leaf,02_runtime_exports/items/tea_leaf_64.png,64x64,True,"Warm low-saturation storybook 2D game art, fixed 3/4 top-down rural village view, clear readable silhouettes, soft hand-painted texture, clean outlines, modular assets, cozy countryside life simulation, no combat, no horror, no modern sci-fi HUD. Create an inventory item icon for tea_leaf; exact canvas 64x64 px; transparent background with clean alpha; simple object silhouette, readable at 64 px.","Do not copy any existing game, anime, movie, or named artist style. No photorealism, no combat, no weapons, no monsters, no aggressive expressions, no text baked into gameplay art, no harsh neon, no heavy black shadows, no random crop, no wrong perspective, no visible watermark."
batch_d_system_assets,item,persimmon,02_runtime_exports/items/persimmon_64.png,64x64,True,"Warm low-saturation storybook 2D game art, fixed 3/4 top-down rural village view, clear readable silhouettes, soft hand-painted texture, clean outlines, modular assets, cozy countryside life simulation, no combat, no horror, no modern sci-fi HUD. Create an inventory item icon for persimmon; exact canvas 64x64 px; transparent background with clean alpha; simple object silhouette, readable at 64 px.","Do not copy any existing game, anime, movie, or named artist style. No photorealism, no combat, no weapons, no monsters, no aggressive expressions, no text baked into gameplay art, no harsh neon, no heavy black shadows, no random crop, no wrong perspective, no visible watermark."
batch_d_system_assets,item,food_riceball_simple,02_runtime_exports/items/food_riceball_simple_64.png,64x64,True,"Warm low-saturation storybook 2D game art, fixed 3/4 top-down rural village view, clear readable silhouettes, soft hand-painted texture, clean outlines, modular assets, cozy countryside life simulation, no combat, no horror, no modern sci-fi HUD. Create an inventory item icon for food_riceball_simple; exact canvas 64x64 px; transparent background with clean alpha; simple object silhouette, readable at 64 px.","Do not copy any existing game, anime, movie, or named artist style. No photorealism, no combat, no weapons, no monsters, no aggressive expressions, no text baked into gameplay art, no harsh neon, no heavy black shadows, no random crop, no wrong perspective, no visible watermark."
batch_d_system_assets,item,food_persimmon_riceball,02_runtime_exports/items/food_persimmon_riceball_64.png,64x64,True,"Warm low-saturation storybook 2D game art, fixed 3/4 top-down rural village view, clear readable silhouettes, soft hand-painted texture, clean outlines, modular assets, cozy countryside life simulation, no combat, no horror, no modern sci-fi HUD. Create an inventory item icon for food_persimmon_riceball; exact canvas 64x64 px; transparent background with clean alpha; simple object silhouette, readable at 64 px.","Do not copy any existing game, anime, movie, or named artist style. No photorealism, no combat, no weapons, no monsters, no aggressive expressions, no text baked into gameplay art, no harsh neon, no heavy black shadows, no random crop, no wrong perspective, no visible watermark."
batch_d_system_assets,item,food_spring_soup,02_runtime_exports/items/food_spring_soup_64.png,64x64,True,"Warm low-saturation storybook 2D game art, fixed 3/4 top-down rural village view, clear readable silhouettes, soft hand-painted texture, clean outlines, modular assets, cozy countryside life simulation, no combat, no horror, no modern sci-fi HUD. Create an inventory item icon for food_spring_soup; exact canvas 64x64 px; transparent background with clean alpha; simple object silhouette, readable at 64 px.","Do not copy any existing game, anime, movie, or named artist style. No photorealism, no combat, no weapons, no monsters, no aggressive expressions, no text baked into gameplay art, no harsh neon, no heavy black shadows, no random crop, no wrong perspective, no visible watermark."
batch_d_system_assets,item,food_grilled_small_carp,02_runtime_exports/items/food_grilled_small_carp_64.png,64x64,True,"Warm low-saturation storybook 2D game art, fixed 3/4 top-down rural village view, clear readable silhouettes, soft hand-painted texture, clean outlines, modular assets, cozy countryside life simulation, no combat, no horror, no modern sci-fi HUD. Create an inventory item icon for food_grilled_small_carp; exact canvas 64x64 px; transparent background with clean alpha; simple object silhouette, readable at 64 px.","Do not copy any existing game, anime, movie, or named artist style. No photorealism, no combat, no weapons, no monsters, no aggressive expressions, no text baked into gameplay art, no harsh neon, no heavy black shadows, no random crop, no wrong perspective, no visible watermark."
batch_d_system_assets,item,food_warm_tea,02_runtime_exports/items/food_warm_tea_64.png,64x64,True,"Warm low-saturation storybook 2D game art, fixed 3/4 top-down rural village view, clear readable silhouettes, soft hand-painted texture, clean outlines, modular assets, cozy countryside life simulation, no combat, no horror, no modern sci-fi HUD. Create an inventory item icon for food_warm_tea; exact canvas 64x64 px; transparent background with clean alpha; simple object silhouette, readable at 64 px.","Do not copy any existing game, anime, movie, or named artist style. No photorealism, no combat, no weapons, no monsters, no aggressive expressions, no text baked into gameplay art, no harsh neon, no heavy black shadows, no random crop, no wrong perspective, no visible watermark."
batch_d_system_assets,item,old_bell_fragment,02_runtime_exports/items/old_bell_fragment_64.png,64x64,True,"Warm low-saturation storybook 2D game art, fixed 3/4 top-down rural village view, clear readable silhouettes, soft hand-painted texture, clean outlines, modular assets, cozy countryside life simulation, no combat, no horror, no modern sci-fi HUD. Create an inventory item icon for old_bell_fragment; exact canvas 64x64 px; transparent background with clean alpha; simple object silhouette, readable at 64 px.","Do not copy any existing game, anime, movie, or named artist style. No photorealism, no combat, no weapons, no monsters, no aggressive expressions, no text baked into gameplay art, no harsh neon, no heavy black shadows, no random crop, no wrong perspective, no visible watermark."
batch_d_system_assets,prop,house_player,02_runtime_exports/props/prop_house_player_256.png,256x256,True,"Warm low-saturation storybook 2D game art, fixed 3/4 top-down rural village view, clear readable silhouettes, soft hand-painted texture, clean outlines, modular assets, cozy countryside life simulation, no combat, no horror, no modern sci-fi HUD. Create a reusable world prop for house_player; exact canvas 256x256 px; transparent background with clean alpha; bottom-center anchor, clear physical base, 3/4 top-down rural object.","Do not copy any existing game, anime, movie, or named artist style. No photorealism, no combat, no weapons, no monsters, no aggressive expressions, no text baked into gameplay art, no harsh neon, no heavy black shadows, no random crop, no wrong perspective, no visible watermark."
batch_d_system_assets,prop,mailbox,02_runtime_exports/props/prop_mailbox_256.png,256x256,True,"Warm low-saturation storybook 2D game art, fixed 3/4 top-down rural village view, clear readable silhouettes, soft hand-painted texture, clean outlines, modular assets, cozy countryside life simulation, no combat, no horror, no modern sci-fi HUD. Create a reusable world prop for mailbox; exact canvas 256x256 px; transparent background with clean alpha; bottom-center anchor, clear physical base, 3/4 top-down rural object.","Do not copy any existing game, anime, movie, or named artist style. No photorealism, no combat, no weapons, no monsters, no aggressive expressions, no text baked into gameplay art, no harsh neon, no heavy black shadows, no random crop, no wrong perspective, no visible watermark."
batch_d_system_assets,prop,well,02_runtime_exports/props/prop_well_256.png,256x256,True,"Warm low-saturation storybook 2D game art, fixed 3/4 top-down rural village view, clear readable silhouettes, soft hand-painted texture, clean outlines, modular assets, cozy countryside life simulation, no combat, no horror, no modern sci-fi HUD. Create a reusable world prop for well; exact canvas 256x256 px; transparent background with clean alpha; bottom-center anchor, clear physical base, 3/4 top-down rural object.","Do not copy any existing game, anime, movie, or named artist style. No photorealism, no combat, no weapons, no monsters, no aggressive expressions, no text baked into gameplay art, no harsh neon, no heavy black shadows, no random crop, no wrong perspective, no visible watermark."
batch_d_system_assets,prop,bench,02_runtime_exports/props/prop_bench_256.png,256x256,True,"Warm low-saturation storybook 2D game art, fixed 3/4 top-down rural village view, clear readable silhouettes, soft hand-painted texture, clean outlines, modular assets, cozy countryside life simulation, no combat, no horror, no modern sci-fi HUD. Create a reusable world prop for bench; exact canvas 256x256 px; transparent background with clean alpha; bottom-center anchor, clear physical base, 3/4 top-down rural object.","Do not copy any existing game, anime, movie, or named artist style. No photorealism, no combat, no weapons, no monsters, no aggressive expressions, no text baked into gameplay art, no harsh neon, no heavy black shadows, no random crop, no wrong perspective, no visible watermark."
batch_d_system_assets,prop,road_sign,02_runtime_exports/props/prop_road_sign_256.png,256x256,True,"Warm low-saturation storybook 2D game art, fixed 3/4 top-down rural village view, clear readable silhouettes, soft hand-painted texture, clean outlines, modular assets, cozy countryside life simulation, no combat, no horror, no modern sci-fi HUD. Create a reusable world prop for road_sign; exact canvas 256x256 px; transparent background with clean alpha; bottom-center anchor, clear physical base, 3/4 top-down rural object.","Do not copy any existing game, anime, movie, or named artist style. No photorealism, no combat, no weapons, no monsters, no aggressive expressions, no text baked into gameplay art, no harsh neon, no heavy black shadows, no random crop, no wrong perspective, no visible watermark."
batch_d_system_assets,prop,fence,02_runtime_exports/props/prop_fence_256.png,256x256,True,"Warm low-saturation storybook 2D game art, fixed 3/4 top-down rural village view, clear readable silhouettes, soft hand-painted texture, clean outlines, modular assets, cozy countryside life simulation, no combat, no horror, no modern sci-fi HUD. Create a reusable world prop for fence; exact canvas 256x256 px; transparent background with clean alpha; bottom-center anchor, clear physical base, 3/4 top-down rural object.","Do not copy any existing game, anime, movie, or named artist style. No photorealism, no combat, no weapons, no monsters, no aggressive expressions, no text baked into gameplay art, no harsh neon, no heavy black shadows, no random crop, no wrong perspective, no visible watermark."
batch_d_system_assets,prop,tree,02_runtime_exports/props/prop_tree_256.png,256x256,True,"Warm low-saturation storybook 2D game art, fixed 3/4 top-down rural village view, clear readable silhouettes, soft hand-painted texture, clean outlines, modular assets, cozy countryside life simulation, no combat, no horror, no modern sci-fi HUD. Create a reusable world prop for tree; exact canvas 256x256 px; transparent background with clean alpha; bottom-center anchor, clear physical base, 3/4 top-down rural object.","Do not copy any existing game, anime, movie, or named artist style. No photorealism, no combat, no weapons, no monsters, no aggressive expressions, no text baked into gameplay art, no harsh neon, no heavy black shadows, no random crop, no wrong perspective, no visible watermark."
batch_d_system_assets,prop,rock,02_runtime_exports/props/prop_rock_256.png,256x256,True,"Warm low-saturation storybook 2D game art, fixed 3/4 top-down rural village view, clear readable silhouettes, soft hand-painted texture, clean outlines, modular assets, cozy countryside life simulation, no combat, no horror, no modern sci-fi HUD. Create a reusable world prop for rock; exact canvas 256x256 px; transparent background with clean alpha; bottom-center anchor, clear physical base, 3/4 top-down rural object.","Do not copy any existing game, anime, movie, or named artist style. No photorealism, no combat, no weapons, no monsters, no aggressive expressions, no text baked into gameplay art, no harsh neon, no heavy black shadows, no random crop, no wrong perspective, no visible watermark."
batch_d_system_assets,prop,storage_crate,02_runtime_exports/props/prop_storage_crate_256.png,256x256,True,"Warm low-saturation storybook 2D game art, fixed 3/4 top-down rural village view, clear readable silhouettes, soft hand-painted texture, clean outlines, modular assets, cozy countryside life simulation, no combat, no horror, no modern sci-fi HUD. Create a reusable world prop for storage_crate; exact canvas 256x256 px; transparent background with clean alpha; bottom-center anchor, clear physical base, 3/4 top-down rural object.","Do not copy any existing game, anime, movie, or named artist style. No photorealism, no combat, no weapons, no monsters, no aggressive expressions, no text baked into gameplay art, no harsh neon, no heavy black shadows, no random crop, no wrong perspective, no visible watermark."
batch_d_system_assets,prop,farm_shed,02_runtime_exports/props/prop_farm_shed_256.png,256x256,True,"Warm low-saturation storybook 2D game art, fixed 3/4 top-down rural village view, clear readable silhouettes, soft hand-painted texture, clean outlines, modular assets, cozy countryside life simulation, no combat, no horror, no modern sci-fi HUD. Create a reusable world prop for farm_shed; exact canvas 256x256 px; transparent background with clean alpha; bottom-center anchor, clear physical base, 3/4 top-down rural object.","Do not copy any existing game, anime, movie, or named artist style. No photorealism, no combat, no weapons, no monsters, no aggressive expressions, no text baked into gameplay art, no harsh neon, no heavy black shadows, no random crop, no wrong perspective, no visible watermark."
batch_d_system_assets,prop,dock,02_runtime_exports/props/prop_dock_256.png,256x256,True,"Warm low-saturation storybook 2D game art, fixed 3/4 top-down rural village view, clear readable silhouettes, soft hand-painted texture, clean outlines, modular assets, cozy countryside life simulation, no combat, no horror, no modern sci-fi HUD. Create a reusable world prop for dock; exact canvas 256x256 px; transparent background with clean alpha; bottom-center anchor, clear physical base, 3/4 top-down rural object.","Do not copy any existing game, anime, movie, or named artist style. No photorealism, no combat, no weapons, no monsters, no aggressive expressions, no text baked into gameplay art, no harsh neon, no heavy black shadows, no random crop, no wrong perspective, no visible watermark."
batch_d_system_assets,prop,shrine,02_runtime_exports/props/prop_shrine_256.png,256x256,True,"Warm low-saturation storybook 2D game art, fixed 3/4 top-down rural village view, clear readable silhouettes, soft hand-painted texture, clean outlines, modular assets, cozy countryside life simulation, no combat, no horror, no modern sci-fi HUD. Create a reusable world prop for shrine; exact canvas 256x256 px; transparent background with clean alpha; bottom-center anchor, clear physical base, 3/4 top-down rural object.","Do not copy any existing game, anime, movie, or named artist style. No photorealism, no combat, no weapons, no monsters, no aggressive expressions, no text baked into gameplay art, no harsh neon, no heavy black shadows, no random crop, no wrong perspective, no visible watermark."
batch_d_system_assets,prop,mountain_hut,02_runtime_exports/props/prop_mountain_hut_256.png,256x256,True,"Warm low-saturation storybook 2D game art, fixed 3/4 top-down rural village view, clear readable silhouettes, soft hand-painted texture, clean outlines, modular assets, cozy countryside life simulation, no combat, no horror, no modern sci-fi HUD. Create a reusable world prop for mountain_hut; exact canvas 256x256 px; transparent background with clean alpha; bottom-center anchor, clear physical base, 3/4 top-down rural object.","Do not copy any existing game, anime, movie, or named artist style. No photorealism, no combat, no weapons, no monsters, no aggressive expressions, no text baked into gameplay art, no harsh neon, no heavy black shadows, no random crop, no wrong perspective, no visible watermark."
batch_d_system_assets,ui,panel_frame,02_runtime_exports/ui/ui_panel_frame_512x320.png,512x320,True,"Warm low-saturation storybook 2D game art, fixed 3/4 top-down rural village view, clear readable silhouettes, soft hand-painted texture, clean outlines, modular assets, cozy countryside life simulation, no combat, no horror, no modern sci-fi HUD. Create hand-drawn paper/wood UI asset for panel_frame; exact canvas 512x320 px; transparent background with clean alpha; quiet utilitarian game UI, no baked text unless explicitly requested.","Do not copy any existing game, anime, movie, or named artist style. No photorealism, no combat, no weapons, no monsters, no aggressive expressions, no text baked into gameplay art, no harsh neon, no heavy black shadows, no random crop, no wrong perspective, no visible watermark."
batch_d_system_assets,ui,hud_panel,02_runtime_exports/ui/ui_hud_panel_512x128.png,512x128,True,"Warm low-saturation storybook 2D game art, fixed 3/4 top-down rural village view, clear readable silhouettes, soft hand-painted texture, clean outlines, modular assets, cozy countryside life simulation, no combat, no horror, no modern sci-fi HUD. Create hand-drawn paper/wood UI asset for hud_panel; exact canvas 512x128 px; transparent background with clean alpha; quiet utilitarian game UI, no baked text unless explicitly requested.","Do not copy any existing game, anime, movie, or named artist style. No photorealism, no combat, no weapons, no monsters, no aggressive expressions, no text baked into gameplay art, no harsh neon, no heavy black shadows, no random crop, no wrong perspective, no visible watermark."
batch_d_system_assets,ui,dialogue_frame,02_runtime_exports/ui/ui_dialogue_frame_1024x256.png,1024x256,True,"Warm low-saturation storybook 2D game art, fixed 3/4 top-down rural village view, clear readable silhouettes, soft hand-painted texture, clean outlines, modular assets, cozy countryside life simulation, no combat, no horror, no modern sci-fi HUD. Create hand-drawn paper/wood UI asset for dialogue_frame; exact canvas 1024x256 px; transparent background with clean alpha; quiet utilitarian game UI, no baked text unless explicitly requested.","Do not copy any existing game, anime, movie, or named artist style. No photorealism, no combat, no weapons, no monsters, no aggressive expressions, no text baked into gameplay art, no harsh neon, no heavy black shadows, no random crop, no wrong perspective, no visible watermark."
batch_d_system_assets,ui,button,02_runtime_exports/ui/ui_button_256x96.png,256x96,True,"Warm low-saturation storybook 2D game art, fixed 3/4 top-down rural village view, clear readable silhouettes, soft hand-painted texture, clean outlines, modular assets, cozy countryside life simulation, no combat, no horror, no modern sci-fi HUD. Create hand-drawn paper/wood UI asset for button; exact canvas 256x96 px; transparent background with clean alpha; quiet utilitarian game UI, no baked text unless explicitly requested.","Do not copy any existing game, anime, movie, or named artist style. No photorealism, no combat, no weapons, no monsters, no aggressive expressions, no text baked into gameplay art, no harsh neon, no heavy black shadows, no random crop, no wrong perspective, no visible watermark."
batch_d_system_assets,ui,prompt_marker,02_runtime_exports/ui/ui_prompt_marker_128x128.png,128x128,True,"Warm low-saturation storybook 2D game art, fixed 3/4 top-down rural village view, clear readable silhouettes, soft hand-painted texture, clean outlines, modular assets, cozy countryside life simulation, no combat, no horror, no modern sci-fi HUD. Create hand-drawn paper/wood UI asset for prompt_marker; exact canvas 128x128 px; transparent background with clean alpha; quiet utilitarian game UI, no baked text unless explicitly requested.","Do not copy any existing game, anime, movie, or named artist style. No photorealism, no combat, no weapons, no monsters, no aggressive expressions, no text baked into gameplay art, no harsh neon, no heavy black shadows, no random crop, no wrong perspective, no visible watermark."
batch_d_system_assets,ui,journal_tab,02_runtime_exports/ui/ui_journal_tab_256x128.png,256x128,True,"Warm low-saturation storybook 2D game art, fixed 3/4 top-down rural village view, clear readable silhouettes, soft hand-painted texture, clean outlines, modular assets, cozy countryside life simulation, no combat, no horror, no modern sci-fi HUD. Create hand-drawn paper/wood UI asset for journal_tab; exact canvas 256x128 px; transparent background with clean alpha; quiet utilitarian game UI, no baked text unless explicitly requested.","Do not copy any existing game, anime, movie, or named artist style. No photorealism, no combat, no weapons, no monsters, no aggressive expressions, no text baked into gameplay art, no harsh neon, no heavy black shadows, no random crop, no wrong perspective, no visible watermark."
batch_d_system_assets,fx,rain_streaks,02_runtime_exports/fx/fx_rain_streaks_256.png,256x256,True,"Warm low-saturation storybook 2D game art, fixed 3/4 top-down rural village view, clear readable silhouettes, soft hand-painted texture, clean outlines, modular assets, cozy countryside life simulation, no combat, no horror, no modern sci-fi HUD. Create a soft environmental FX overlay for rain_streaks; exact canvas 256x256 px; transparent background with clean alpha; subtle and reusable, suitable for compositing.","Do not copy any existing game, anime, movie, or named artist style. No photorealism, no combat, no weapons, no monsters, no aggressive expressions, no text baked into gameplay art, no harsh neon, no heavy black shadows, no random crop, no wrong perspective, no visible watermark."
batch_d_system_assets,fx,snow_flakes,02_runtime_exports/fx/fx_snow_flakes_256.png,256x256,True,"Warm low-saturation storybook 2D game art, fixed 3/4 top-down rural village view, clear readable silhouettes, soft hand-painted texture, clean outlines, modular assets, cozy countryside life simulation, no combat, no horror, no modern sci-fi HUD. Create a soft environmental FX overlay for snow_flakes; exact canvas 256x256 px; transparent background with clean alpha; subtle and reusable, suitable for compositing.","Do not copy any existing game, anime, movie, or named artist style. No photorealism, no combat, no weapons, no monsters, no aggressive expressions, no text baked into gameplay art, no harsh neon, no heavy black shadows, no random crop, no wrong perspective, no visible watermark."
batch_d_system_assets,fx,leaf_drift,02_runtime_exports/fx/fx_leaf_drift_256.png,256x256,True,"Warm low-saturation storybook 2D game art, fixed 3/4 top-down rural village view, clear readable silhouettes, soft hand-painted texture, clean outlines, modular assets, cozy countryside life simulation, no combat, no horror, no modern sci-fi HUD. Create a soft environmental FX overlay for leaf_drift; exact canvas 256x256 px; transparent background with clean alpha; subtle and reusable, suitable for compositing.","Do not copy any existing game, anime, movie, or named artist style. No photorealism, no combat, no weapons, no monsters, no aggressive expressions, no text baked into gameplay art, no harsh neon, no heavy black shadows, no random crop, no wrong perspective, no visible watermark."
batch_d_system_assets,fx,sunbeam,02_runtime_exports/fx/fx_sunbeam_256.png,256x256,True,"Warm low-saturation storybook 2D game art, fixed 3/4 top-down rural village view, clear readable silhouettes, soft hand-painted texture, clean outlines, modular assets, cozy countryside life simulation, no combat, no horror, no modern sci-fi HUD. Create a soft environmental FX overlay for sunbeam; exact canvas 256x256 px; transparent background with clean alpha; subtle and reusable, suitable for compositing.","Do not copy any existing game, anime, movie, or named artist style. No photorealism, no combat, no weapons, no monsters, no aggressive expressions, no text baked into gameplay art, no harsh neon, no heavy black shadows, no random crop, no wrong perspective, no visible watermark."
batch_d_system_assets,fx,mist_patch,02_runtime_exports/fx/fx_mist_patch_256.png,256x256,True,"Warm low-saturation storybook 2D game art, fixed 3/4 top-down rural village view, clear readable silhouettes, soft hand-painted texture, clean outlines, modular assets, cozy countryside life simulation, no combat, no horror, no modern sci-fi HUD. Create a soft environmental FX overlay for mist_patch; exact canvas 256x256 px; transparent background with clean alpha; subtle and reusable, suitable for compositing.","Do not copy any existing game, anime, movie, or named artist style. No photorealism, no combat, no weapons, no monsters, no aggressive expressions, no text baked into gameplay art, no harsh neon, no heavy black shadows, no random crop, no wrong perspective, no visible watermark."
